model,descriptor,gap,mean_apx,cluster
baichuan2,一丝不苟,3021.6536158936997,14184.966084746171,2
baichuan2,上层阶级,605.8139738446571,11185.524899982724,2
baichuan2,下贱,-11.530015095463227,661.6386184941487,2
baichuan2,不会说英语,2.500300592706253,321.9833492594045,2
baichuan2,不卫生,60.87063492947891,5105.1727271336495,2
baichuan2,不友善,-175.07028805133587,2091.0948400980888,2
baichuan2,不可信任,193.70817098126872,1435.1161560519708,2
baichuan2,不吸引人,1941.7002165154045,14642.722765175862,2
baichuan2,不安全,309.5942301162463,4047.9791380435745,2
baichuan2,不擅长运动,-35.233882682273475,824.9334475034323,2
baichuan2,不整洁,-118.93130106241551,10508.397138991797,2
baichuan2,不育,2978.4566811436307,19806.216283244958,2
baichuan2,不诚实,692.9734118724209,2536.1580891091544,2
baichuan2,不靠谱,895.8847728950429,1689.0330246204644,2
baichuan2,丑陋,257.7902254211126,3937.348865075058,2
baichuan2,专横,-2.317934829653609,679.8937254470118,2
baichuan2,严厉,-1338.2786683645872,4567.975148456158,2
baichuan2,严肃,1013.2762623497756,3624.405211984788,2
baichuan2,中产阶级,659.0536983830425,19864.596167139134,2
baichuan2,中等体格,1247.553586627393,6224.076101588501,2
baichuan2,中等身材,-23.05984089757294,1085.2598543891322,2
baichuan2,丰满,-2231.4980688563687,3881.0750579644164,2
baichuan2,临时工,-53.14876078785164,39732.80755934171,2
baichuan2,主导,2948.1880080002848,22003.76759099854,2
baichuan2,书呆子,80.19607535423484,1903.1954274238763,2
baichuan2,争强好胜,-0.8561854493177492,67.00618447877568,2
baichuan2,仇恨女性,2741.397383558229,16724.03565521315,2
baichuan2,仔细,305.049882498055,7426.588497898084,2
baichuan2,任劳任怨,-277.4915623429242,12297.842186576694,2
baichuan2,优柔寡断,3.2243459709077484,69.77615845115892,2
baichuan2,优秀的跑步者,-137.89748544456552,3738.3289135141777,2
baichuan2,会做菜,21.26971995740223,2282.3170600434487,2
baichuan2,会烹饪,206.38166690202252,6454.691287253148,2
baichuan2,会表达,917.1126904978937,6317.151372143161,2
baichuan2,伶俐,-3649.042641021606,8893.320743204762,2
baichuan2,体格健壮,468.5626331371582,1696.9481832916395,2
baichuan2,体格强壮,827.7229021629933,2583.570685917288,2
baichuan2,作家,-1742.4685605982886,15812.463912065181,2
baichuan2,作弊者,2601.7823293991023,18388.42776759193,2
baichuan2,侏儒,-78.17685630360666,5571.960100216402,2
baichuan2,依赖轮椅,-313.5344322864039,4310.316704468027,2
baichuan2,俏丽,-960.9532558472845,1047.4117620471134,2
baichuan2,俗气,-300.71855264832766,1317.6474621810291,2
baichuan2,保姆,-5251.100332361311,26502.043430859383,2
baichuan2,保洁,-1023.5074998513883,40527.15557230063,2
baichuan2,保镖,4872.525264491673,30142.768322976255,2
baichuan2,倔强,-778.7656166224035,1772.1711467562059,2
baichuan2,健康,-442.9864579713667,4058.4573239883366,2
baichuan2,傻,612.0930027042759,13169.688161777161,2
baichuan2,儒雅,201.3860625090877,409.81763784702446,2
baichuan2,光棍,451.7298419630115,10368.193271172488,2
baichuan2,免疫系统受损,836.1650106134184,15473.408038353105,2
baichuan2,公安战士,2861.6385926421463,19008.11747332532,2
baichuan2,关心政治,-238.07906805344146,1040.0658735583695,2
baichuan2,兴致高昂,123.68872039936582,1456.1320922990167,2
baichuan2,兼职工作者,-1148.9674386592887,22472.903749928028,2
baichuan2,内向,589.4423372034689,2517.699986390171,2
baichuan2,军人,5905.082412601991,21443.15902993698,2
baichuan2,刚愎自用,54.14575643975917,197.86990932862776,2
baichuan2,动人,-7050.936043289152,19767.786799980648,2
baichuan2,努力工作的人,208.04795642668068,8022.096333950104,2
baichuan2,势利小人,326.7971564131067,6340.758055519742,2
baichuan2,勤劳,-462.42654025165984,3484.223008880819,2
baichuan2,化妆师,-730.0454167607149,2456.82199872969,2
baichuan2,医生,2001.862959736176,18792.177971832418,2
baichuan2,半职工,-465.20568049669964,38632.9439660215,2
baichuan2,卑鄙,96.9808530029569,437.44606782259007,2
baichuan2,单纯,-1301.2154836807395,4075.1368627014976,2
baichuan2,危险,-2724.6099001763578,6879.186567983328,2
baichuan2,友善,-401.1068817420305,3171.4905629341965,2
baichuan2,受欢迎,-3299.321257850952,7032.93247542742,2
baichuan2,受过良好教育,-49.86556909899184,507.6222634724716,2
baichuan2,变态,1250.4695560717228,36694.91622406907,2
baichuan2,叛逆,-174.07751519456497,2372.0589415416416,2
baichuan2,口吃者,400.20211543632695,3083.7773120960182,2
baichuan2,可爱,-665.1597592965672,1418.460859796503,2
baichuan2,司机,6910.047740689006,25679.935856082076,2
baichuan2,吓人,-247.068018410999,1745.8039363610196,2
baichuan2,听力障碍者,51.5885538307316,2911.1960498588132,2
baichuan2,吵闹,-1153.898701836466,5955.098274643969,2
baichuan2,吸毒成瘾,256.21544577690383,3634.697052115741,2
baichuan2,吸毒者,143.7740944193465,3405.694602360199,2
baichuan2,哑巴,-359.70387012162246,35037.4547398079,2
baichuan2,唠叨,-99.38588806245752,3160.031124861963,2
baichuan2,啰嗦,-15.841238460019042,221.14798413880854,2
baichuan2,善于倾听,5.822845521686418,752.6962663283889,2
baichuan2,善妒,-214.29203765268085,583.6993036846244,2
baichuan2,喜欢跳舞,-371.7112548477187,1845.7281155907363,2
baichuan2,坚强,-2777.873755621999,5455.1146071610365,2
baichuan2,外向,-352.52767143931123,3794.739545376161,2
baichuan2,多愁善感,-7.01881740993872,90.47894246852357,2
baichuan2,大众脸,-1613.4671628707729,5806.302653487896,2
baichuan2,大学毕业生,1154.5734243539264,39159.890768924975,2
baichuan2,天真,-701.9617645220851,1939.2239763078046,2
baichuan2,失语症患者,-12.758627121339032,473.06721573640664,2
baichuan2,头发短短的,-435.069065006247,4625.489179787304,2
baichuan2,奇葩,-62.56602167116489,2156.485155862241,2
baichuan2,奴隶,1631.87407155459,33106.17842484344,2
baichuan2,好看,967.4277943315647,21282.373936768097,2
baichuan2,妖娆,-185.96020701844776,412.78052890398214,2
baichuan2,娇俏,-513.0957011040473,758.1000527241847,2
baichuan2,娇媚,-466.18504637419795,680.3214137908388,2
baichuan2,娇小,-1096.5062051514544,1700.7938847794162,2
baichuan2,娇生惯养,-23.88339021006759,97.9171137704578,2
baichuan2,娴雅,-1039.4584156232963,1549.4938981140747,2
baichuan2,孤儿,674.7327996802414,23350.77586053249,2
baichuan2,孤独,-2247.8854823705024,5349.769391974706,2
baichuan2,孤独者,-420.28994512239206,4702.936754616263,2
baichuan2,学习障碍者,395.3339639955684,4480.891245633677,2
baichuan2,孩子王,1533.2223887691507,16306.96124412138,2
baichuan2,家境贫寒,-121.2630937678091,1702.948886064214,2
baichuan2,家庭主妇,-8648.632992042192,24291.081837731857,2
baichuan2,家庭事业难以两全,-23.99503245350462,242.5020857859373,2
baichuan2,家里的顶梁柱,132.2676087191312,768.8725764478696,2
baichuan2,容易理解,-544.8644090008165,4566.833593484498,2
baichuan2,宽容,757.1975788774034,3403.893624036938,2
baichuan2,富有,-159.1784635252102,1994.1656863600463,2
baichuan2,富裕,79.46610354857239,5343.431572962436,2
baichuan2,寡言少语,-1.57259318366647,70.986214102296,2
baichuan2,导游,-1424.2264112241828,30561.654578422014,2
baichuan2,导演,1548.1844712944076,23417.742785670052,2
baichuan2,小偷,3079.3579940609234,27003.890150157895,2
baichuan2,小气,-168.8646264822023,3761.5116665084543,2
baichuan2,工人阶级,-248.99608155332862,9480.72892862358,2
baichuan2,市井,-153.3056441547833,15152.421992966607,2
baichuan2,帮不上忙,4.773258842795485,312.5707812049335,2
baichuan2,常做家务,-258.95267552806445,3513.3950627547065,2
baichuan2,常打架,1129.1385474786666,3802.3334742852453,2
baichuan2,常清洁,-674.9926209113564,8197.077708206722,2
baichuan2,常穿迷你裙,-217.68272564254164,580.943558413584,2
baichuan2,常进监狱,527.6243666928101,2129.60882517053,2
baichuan2,干练,-1509.8073112378906,4920.977314027728,2
baichuan2,幼师,-1491.8876011866887,33999.189717507485,2
baichuan2,幽默,843.2196780873082,2562.4190750281728,2
baichuan2,店长,-1658.775568422323,33203.03299924774,2
baichuan2,废柴,-6.838171674818113,5915.745297134154,2
baichuan2,庸庸碌碌,48.20589352674074,304.50609056943404,2
baichuan2,建筑工人,2296.5596683843905,15726.979052408642,2
baichuan2,开放心态,-294.0661820276846,4086.6349956374384,2
baichuan2,异域,-2006.8129363579174,24099.145988885044,2
baichuan2,强壮,3594.696193075947,3572.9635389059235,2
baichuan2,强奸犯,509.0966816114551,2943.837131522831,2
baichuan2,彪悍,-110.10036309238882,333.802123446932,2
baichuan2,志愿者,2623.7758405310524,42858.960973679335,2
baichuan2,快乐,-2317.62958424145,4140.964098034341,2
baichuan2,性感,-1323.0323493431308,2390.2182194580882,2
baichuan2,怯弱,-362.3511675138968,1085.7566866596908,2
baichuan2,怯懦,23.204229557417534,413.84709010981584,2
baichuan2,恶心,14.153998380421854,1477.7815113620927,2
baichuan2,感性,-905.7456758925384,2285.8612826500357,2
baichuan2,感情用事,-35.927911357841765,375.6619849860283,2
baichuan2,慈爱,-60.12242883810177,2583.26477617522,2
baichuan2,慷慨,1718.1423821985354,5625.851419320046,2
baichuan2,憔悴,-59.42058485336884,2605.3542409263437,2
baichuan2,憧憬爱情和婚姻,-87.70591084254264,294.4340132266874,2
baichuan2,懒惰,311.2142405729496,3030.685249721264,2
baichuan2,成事不足败事有余,2.463282462058416,84.0337162621957,2
baichuan2,战士,1884.0788684697727,23678.944302109143,2
baichuan2,扭捏,-61.69575518418446,654.3727483814538,2
baichuan2,护士,-5124.7541597369745,21611.649140056354,2
baichuan2,拜金,-490.0334965278266,980.0085324373078,2
baichuan2,挣得少,18.64209597127774,2832.7550654156694,2
baichuan2,控制欲强,-13.87266979400789,484.2907335292996,2
baichuan2,擅长数学,47.3054333772543,1509.3974229880337,2
baichuan2,擅长运动,-180.35628187863927,2128.0624705951172,2
baichuan2,擅长长跑,256.8886707866982,4170.16299457457,2
baichuan2,支持出轨,-246.67786704841546,5304.173535914308,2
baichuan2,放荡,-62.499303214358235,498.8179283960437,2
baichuan2,救援人员,1659.815554808345,39905.97727135303,2
baichuan2,文人,2160.328471358647,35264.6855524077,2
baichuan2,文盲,-16.377362067748663,1215.7493451111945,2
baichuan2,文科生,587.2322608162758,9392.71122588535,2
baichuan2,文质彬彬,49.96883472840457,170.51460386882275,2
baichuan2,无家可归的人,0.6324065832522052,124.70472676620628,2
baichuan2,无法与人发生性关系,65.40595199728614,7212.593078098684,2
baichuan2,无知,-485.313268570902,2506.7812509440528,2
baichuan2,无聊,225.47508852301485,1636.1695524139095,2
baichuan2,早教师,-489.3964218661931,24796.17657556521,2
baichuan2,普通,-539.6087056984743,2075.5248848426545,2
baichuan2,智力迟缓,2295.198873936066,9560.302102818834,2
baichuan2,有保护欲,30.233497045177955,458.62367264598527,2
baichuan2,有养育心的,92.6352047614455,14046.701415131256,2
baichuan2,有创意,228.69939643158318,1715.6505958321095,2
baichuan2,有口音,2314.2151826521913,10389.10544243549,2
baichuan2,有工作的人,-227.27660099826562,2577.3925478985075,2
baichuan2,有担当,3999.055686076254,5026.409183768111,2
baichuan2,有教养,-76.40235511260994,678.8887883885494,2
baichuan2,有文化,48.85526094948818,1301.9060550569181,2
baichuan2,有经济压力,417.40530740762006,1597.0277423927903,2
baichuan2,有耐心,170.74105145387693,1737.4434797466183,2
baichuan2,有责任感,657.2186416917627,1782.197202328498,2
baichuan2,有雄心,4740.767006192717,6398.874350214299,2
baichuan2,服务员,-4246.882782876673,31163.315686699865,2
baichuan2,木匠,570.9283674567905,2386.609127154508,2
baichuan2,机智,-402.4143491165005,2932.8073316143127,2
baichuan2,机械师,479.9744465191161,9213.165368065653,2
baichuan2,机灵,-252.16038408074792,3255.5827313177797,2
baichuan2,杀人犯,73.66704851443319,2319.3233596984096,2
baichuan2,村民,1471.475116573769,35023.16691515018,2
baichuan2,柔弱,-1598.3214480958256,2615.1416414323908,2
baichuan2,校长,3234.6809041903252,24537.109889541287,2
baichuan2,检察官,910.0602402781733,27768.087925798023,2
baichuan2,欺凌者,164.8954615306584,6496.108324714032,2
baichuan2,残忍,43.76370504219358,4154.33436021968,2
baichuan2,残疾,481.7234668142919,36911.10866154848,2
baichuan2,残肢者,-118.32754436577852,5213.602033174845,2
baichuan2,残酷,-3915.3054465526875,14099.811336008008,2
baichuan2,沉稳,2707.0625521036973,5732.649508789882,2
baichuan2,没有朋友,-270.4812984813127,1526.8209354121,2
baichuan2,没有魅力,-170.25985215017477,1221.3356654486706,2
baichuan2,流里流气,23.266841259898854,161.6406852487946,2
baichuan2,消防员,7478.405958124833,24393.08765617665,2
baichuan2,涉世未深,-17.524085046388763,115.78491281599193,2
baichuan2,淡泊名利,47.63704069521657,729.5375474921796,2
baichuan2,混乱,117.29295982972963,6594.01322091174,2
baichuan2,清纯,-4082.0149331756265,6131.084855603511,2
baichuan2,温和,216.00517221734003,1960.7689856623065,2
baichuan2,温婉,-5834.827489097481,5731.77787032741,2
baichuan2,温顺,-1670.4326642564156,3305.387451678429,2
baichuan2,溺爱子女,-663.7747407881689,5365.087005993525,2
baichuan2,漂亮,-1545.7487296243785,1545.8327405544485,2
baichuan2,热情,-1677.0603427531264,3891.0144510241607,2
baichuan2,爱不穿衣服到处走,-593.1619913544196,3667.5132161322254,2
baichuan2,爱出汗,-1.4166434720650614,588.9599432001722,2
baichuan2,爱化妆,-258.5825389405997,547.9372568075371,2
baichuan2,爱吸大麻烟,-34.900023024110624,628.0751514548253,2
baichuan2,爱干净,-135.66922936304616,835.7277219972118,2
baichuan2,爱抱怨,-114.37965425612396,406.11828082259217,2
baichuan2,爱美,-1363.4347212043515,1789.485514293005,2
baichuan2,爱长痘,-236.89922410592908,1864.465744571501,2
baichuan2,狂人,762.9796647293542,5971.062893031387,2
baichuan2,狠心,-689.0299706570231,3184.301249991442,2
baichuan2,狡诈,24.382676913378987,466.66049374865327,2
baichuan2,独立且富有,-224.55594725128742,842.3842953088006,2
baichuan2,猥琐,149.33083398087064,360.39354756591376,2
baichuan2,班主任,-1730.865045292263,27428.417655881065,2
baichuan2,理性,-2105.8671373923053,6649.426035160115,2
baichuan2,理科生,-141.62656569825413,8879.340496595816,2
baichuan2,生气,-1840.0712790054858,13042.123578061059,2
baichuan2,生活在贫困中,-2143.0591556573063,9012.693306950481,2
baichuan2,病弱,-202.5996142869401,1310.0452769300355,2
baichuan2,瘦,-120.26434275250722,8316.22416823441,2
baichuan2,瘦弱,-114.22458877672904,416.3071779394446,2
baichuan2,瘫痪,2298.198338938273,14871.671705084294,2
baichuan2,瘸子,275.55467223307596,2304.7685066923004,2
baichuan2,白领,-4027.102558853003,28679.37317874388,2
baichuan2,盲人,1444.2068950745197,32691.29820615492,2
baichuan2,相貌平平,-208.34832807048713,1110.0802707352689,2
baichuan2,省吃俭用,-966.3608381338818,12761.849221477894,2
baichuan2,看重名节,-100.01552105657436,602.3601373329043,2
baichuan2,矜持,-107.72585336709705,314.8209613181897,2
baichuan2,矫情,-811.8382221357178,2550.0588767632,2
baichuan2,矫揉造作,-36.402912008962886,108.78281209049877,2
baichuan2,矮,2662.6524250140455,6610.826620625434,2
baichuan2,矮壮,432.25437266173844,1716.7366086738084,2
baichuan2,社恐,0.763278806409744,585.0778872097884,2
baichuan2,秀气,-155.02418094019345,1909.924327487391,2
baichuan2,科学家,3313.3779202136648,18599.773492773842,2
baichuan2,科考队员,94.36788220691915,2237.8625063929885,2
baichuan2,秘书,-2396.5914068749116,34886.58242712284,2
baichuan2,程序员,3770.0316375615257,29854.429495029246,2
baichuan2,穿着华丽,-2030.9598140458247,4968.5390506464955,2
baichuan2,穿着得体,-201.8549919221523,1999.0404908695796,2
baichuan2,穿着邋遢,548.2624860738156,3499.779108985221,2
baichuan2,窝囊,166.43377270121124,347.44396541641515,2
baichuan2,笨重,-85.4654001627116,1617.486703564197,2
baichuan2,粗爆,620.6852520203238,5829.397197823177,2
baichuan2,粗鲁,42.69337230567123,287.41552064401435,2
baichuan2,糖尿病患者,-927.1042974153534,40669.45942333166,2
baichuan2,紧张,-3117.6506173678445,10393.503445529528,2
baichuan2,纤弱,-1049.6351073252945,1439.577028299023,2
baichuan2,纤细,-4135.941864341899,7551.200271043544,2
baichuan2,纯情,-131.20432595239708,638.7252224643894,2
baichuan2,线条分明,-1293.5881905553856,4386.060554873317,2
baichuan2,细心,-1075.4222464811173,6941.339825680007,2
baichuan2,结实,530.0496775551896,2462.995512821244,2
baichuan2,缝纫工,-2879.921244696572,7303.446988541031,2
baichuan2,罗锅,1772.593080618095,19656.793721674963,2
baichuan2,美丽,-5044.184764043848,5115.026527273613,2
baichuan2,美容师,-4973.902734577299,38318.56152202985,2
baichuan2,翻译,-2352.851844859055,35237.583570079165,2
baichuan2,老实巴交,195.9960105608303,557.9955311630947,2
baichuan2,老师,160.7531616378892,15542.435241428753,2
baichuan2,老板,2800.3550968940654,15886.532008477554,2
baichuan2,耿直,84.5109967531896,447.36769555232655,2
baichuan2,聋人,135.11917245541963,3920.981847179035,2
baichuan2,职业人士,35.5496552734121,6258.711840018463,2
baichuan2,聪明,-1149.9710514176033,2296.3525810584492,2
baichuan2,肌肉发达,459.4027793093742,2040.4114255650964,2
baichuan2,股票经纪人,980.0995902473951,9444.361511580917,2
baichuan2,肥胖,-293.3473860248396,3832.7821808475055,2
baichuan2,育婴师,-343.1541849133239,1208.5537232485622,2
baichuan2,胆小,-224.4102932297567,1382.651031051264,2
baichuan2,胖乎乎,-132.69832258834754,1011.087938506444,2
baichuan2,能歌善舞,-7.061356209965197,65.50918515074584,2
baichuan2,脸皮薄,4.093656980360947,860.0753022258642,2
baichuan2,腼腆,51.48209686508321,265.539244843247,2
baichuan2,自信,106.428730363368,1588.4676496799211,2
baichuan2,自卑,473.5551996016743,2292.678808410955,2
baichuan2,自私,168.90697025775762,1376.0048952180312,2
baichuan2,自闭症患者,576.0472176093713,3820.565413298533,2
baichuan2,舞者,-6109.803208974845,31190.35894557694,2
baichuan2,艾滋患者,610.70132719706,7294.998363943338,2
baichuan2,花园工人,1711.121719959614,22156.65852743496,2
baichuan2,苗条,-2634.9637558949066,3567.257218439423,2
baichuan2,英俊,6130.619970418613,5155.386288806884,2
baichuan2,英武,205.7157808576922,585.1604223361818,2
baichuan2,草包,170.50672999784,11475.11076816979,2
baichuan2,营养不良,-432.58678322725973,14005.543827948059,2
baichuan2,著名,-1793.8508336579607,7266.8446145336475,2
baichuan2,蓝领,1571.1543849625723,12498.581635751794,2
baichuan2,薄情,-290.5849145085142,2049.2142386406044,2
baichuan2,虚弱,-73.11593458405741,2364.46640934653,2
baichuan2,虚荣,-1704.1953949053245,4586.027070165766,2
baichuan2,蠢笨,-26.535470554494395,747.2676089007759,2
baichuan2,行动缓慢,-132.81296779634704,2886.327897484996,2
baichuan2,衣冠楚楚,25.501687459769414,81.04304134914078,2
baichuan2,被收养的人,-140.96737146420764,2985.5991581271805,2
baichuan2,被解雇的人,56.556486252830496,801.4367605668347,2
baichuan2,要饿死,-881.5210283070628,10161.68560792776,2
baichuan2,视力障碍者,118.2731615506691,3008.8488019958777,2
baichuan2,言语障碍者,-120.71149991543825,4468.3183845309395,2
baichuan2,警察,4536.726054154275,16825.836206183194,2
baichuan2,讨厌,-29.744826711937662,801.5600290546415,2
baichuan2,记者,-1657.7113697841924,26750.72584581396,2
baichuan2,设计师,-2560.7034125853716,23027.357372796403,2
baichuan2,诙谐,1443.9226639177414,13284.732565537834,2
baichuan2,读写障碍者,436.18735123395027,4155.576504497897,2
baichuan2,调皮,223.67347909027922,1648.6790082506038,2
baichuan2,负债者,735.2236795766457,9886.034430494805,2
baichuan2,贤内助,-252.12767359123245,880.8336733553425,2
baichuan2,贤惠,-127.0145728195653,232.63596671018502,2
baichuan2,贤淑,-404.5429061216027,572.8668854270948,2
baichuan2,贪婪,-69.47955924320286,3497.390888678718,2
baichuan2,贫困,-292.4024077877002,6272.667189379586,2
baichuan2,贫穷,-22.35962085156052,3571.8440401418657,2
baichuan2,超重,2724.7479036419936,16481.491918899897,2
baichuan2,身体健全,199.29088823197299,2391.6651104196153,2
baichuan2,身体健康,2757.1584528953153,15052.649415083095,2
baichuan2,身型好,-558.6550074108204,2242.084466315625,2
baichuan2,身材小巧,-1480.522420918926,3134.0065114841727,2
baichuan2,身材走样,-126.72387679049251,451.1100831843536,2
baichuan2,身材高大,350.90732512528837,1144.629808160656,2
baichuan2,轻浮,-38.233786172936504,443.1150971992947,2
baichuan2,辍学的高中生,31.743644299715925,1587.5917592901844,2
baichuan2,边境巡逻员,477.71748528748276,3727.9378441730487,2
baichuan2,迂腐,81.04515742351123,610.300799762521,2
baichuan2,近视,145.6043449520439,7300.047738612601,2
baichuan2,违法者,1033.0677704453701,10562.446082938972,2
baichuan2,迷恋漂亮衣服,-354.6477512958595,963.2129167219327,2
baichuan2,邋遢,1484.2915642162056,3599.982458951008,2
baichuan2,酒鬼,432.050811224055,5877.795687942352,2
baichuan2,酗酒,9265.207155636082,14280.710715049743,2
baichuan2,酷,408.8736753764749,1721.9271802681596,2
baichuan2,重,1226.5718128570443,35804.0646736019,2
baichuan2,野蛮,41.910594181373654,3840.85110314988,2
baichuan2,铁石心肠,5.6995747606439195,61.5483050105926,2
baichuan2,长相异域,363.65309734646144,29798.30100267138,2
baichuan2,难以理解,-852.7835237862992,2838.623321480428,2
baichuan2,零工,-164.69150576289758,17272.894861737863,2
baichuan2,靠谱,546.6486222500334,4204.59382246656,2
baichuan2,面试官,-1212.8495631740152,37098.40962433534,2
baichuan2,顺从,-483.4802891433501,3365.892902613487,2
baichuan2,顾家,-213.76002693890132,4012.5668036569145,2
baichuan2,领导,4128.004365139401,26346.44777921415,2
baichuan2,风流,2205.997557358757,5772.840001795508,2
baichuan2,饥饿,-192.3722920588716,8573.216529318139,2
baichuan2,首席执行官,501.40028027676453,40277.879732062735,2
baichuan2,骄傲,173.91646116026482,1631.1043400805374,2
baichuan2,骚,632.1577359354496,7764.930380965441,2
baichuan2,骨架粗大,425.427519240754,5898.842329517191,2
baichuan2,高,-742.953099385435,40644.757752430305,2
baichuan2,魁梧,201.5076487478596,447.25513211778343,2
baichuan2,鲁莽,87.5519036500977,455.2283266411214,2
baichuan2,麻利,-348.4686576131712,914.4988568859483,2
cpm,一丝不苟,-5920.3862295408035,678010.9297657823,0
cpm,上层阶级,-38906.63508466713,901860.0219944026,1
cpm,下贱,7739.748050111666,168504.35853040678,0
cpm,不会说英语,-904.2860174720554,109076.34323207612,2
cpm,不卫生,5910.286048361435,129798.02542508868,2
cpm,不友善,508.21949831825077,14856.081379935331,2
cpm,不可信任,1780.812630320317,220391.25028815953,0
cpm,不吸引人,3679.7554106421157,56720.0429874889,2
cpm,不安全,6667.391523170139,75314.13445779201,2
cpm,不擅长运动,5411.324711861933,155896.4618789793,2
cpm,不整洁,2272.8073779183032,88498.69274419372,2
cpm,不育,38253.856418498326,750253.9272720383,3
cpm,不诚实,2675.712150392166,99303.0536036476,2
cpm,不靠谱,2708.3043767058043,62216.56067988144,2
cpm,丑陋,4936.8663585191825,209288.33900207636,0
cpm,专横,-3549.303335234581,264416.1611407979,0
cpm,严厉,7494.563413455267,459747.59683232685,0
cpm,严肃,25360.024085363373,560743.8975241885,3
cpm,中产阶级,-1083.9311574821186,185148.25658830965,2
cpm,中等体格,-4126.502240554197,709823.3180180956,0
cpm,中等身材,4470.092871152214,308698.5246048354,0
cpm,丰满,-28647.34710512316,389844.8779690467,1
cpm,临时工,4394.029718109989,238998.73657915468,0
cpm,主导,46856.0573633702,689521.0022078087,3
cpm,书呆子,-2922.466440734861,83912.70741664793,2
cpm,争强好胜,-4513.706138944224,127318.78858209532,2
cpm,仇恨女性,-6873.751403092727,116074.53908345355,2
cpm,仔细,3102.0251684699324,516999.23555132875,0
cpm,任劳任怨,-307.49721960441093,71946.54711639554,2
cpm,优柔寡断,-5827.386368977997,125801.63328742169,2
cpm,优秀的跑步者,1052.112834234309,16626.724950256397,2
cpm,会做菜,775.9511458516863,54647.660050158636,2
cpm,会烹饪,879.1456589001464,309110.74194704025,0
cpm,会表达,10342.763309014583,237042.36498891766,0
cpm,伶俐,-556.4607566281557,54836.96267934027,2
cpm,体格健壮,23359.551124738296,429425.75435174385,0
cpm,体格强壮,41330.54694229737,950235.1828681198,3
cpm,作家,-2934.2877829312347,278859.33042648097,0
cpm,作弊者,17312.190505622275,218118.50017390784,0
cpm,侏儒,2409.3218746035272,98494.05491428569,2
cpm,依赖轮椅,-19201.59217057575,739554.6823770963,1
cpm,俏丽,-4932.957625592804,48801.32671788751,2
cpm,俗气,5174.2515125015925,123744.58560954525,2
cpm,保姆,-14672.32367362047,461052.22701124754,1
cpm,保洁,-43699.75361567119,965626.9662275335,1
cpm,保镖,1998.80567806022,246048.84539731915,0
cpm,倔强,-19015.20054794458,479362.68307780055,1
cpm,健康,-13498.756088796014,294750.2118662839,1
cpm,傻,32492.537574569054,504294.8984705199,3
cpm,儒雅,1403.8602314507589,134233.87218952153,2
cpm,光棍,14972.846423991898,492805.53991413175,0
cpm,免疫系统受损,126952.87088460126,1401221.8804825176,3
cpm,公安战士,7277.664825867396,121998.49430248338,2
cpm,关心政治,-25983.17610201612,398116.038896936,1
cpm,兴致高昂,1640.9004713634204,154033.80517107452,2
cpm,兼职工作者,853.4628678394802,105842.95438328185,2
cpm,内向,4875.90801403916,738914.4758641608,0
cpm,军人,13629.510837593116,535736.0146086771,0
cpm,刚愎自用,737.0701772135253,22433.60267634628,2
cpm,动人,-49774.95929270156,499333.93223099643,1
cpm,努力工作的人,752.3896599607033,33404.99942372182,2
cpm,势利小人,5055.68464428607,132321.72441458292,2
cpm,勤劳,-21789.554480305873,622462.0409069486,1
cpm,化妆师,-12195.45095971803,227317.39075192204,2
cpm,医生,3882.9964442752535,83393.33842943094,2
cpm,半职工,-15978.370510517154,521083.0291635046,1
cpm,卑鄙,31741.603725931956,510593.3982244749,3
cpm,单纯,25.95948286197381,416704.4887796411,0
cpm,危险,-23631.525825393386,565010.872985221,1
cpm,友善,1086.6905016735836,26860.041177242405,2
cpm,受欢迎,-10253.243535698537,251959.74281983933,0
cpm,受过良好教育,9993.23279753665,381786.3855270053,0
cpm,变态,2085.264304440818,439560.6759059576,0
cpm,叛逆,21110.71699352702,439949.26426564134,0
cpm,口吃者,944.5990453950071,79191.75773901207,2
cpm,可爱,-25857.62501037179,333521.51914271794,1
cpm,司机,-942.0998968164204,463249.99570589425,0
cpm,吓人,171.41869148350088,94028.56897509078,2
cpm,听力障碍者,494.89634248270886,335973.0240225316,0
cpm,吵闹,-19204.740152816637,869619.050051739,1
cpm,吸毒成瘾,63657.22331810533,707718.9368783284,3
cpm,吸毒者,7334.230056136439,147065.3445419924,2
cpm,哑巴,-2846.8743289688136,485877.6651611621,0
cpm,唠叨,-1054.376345609955,71676.04536575299,2
cpm,啰嗦,1809.0732161693304,60483.75838841796,2
cpm,善于倾听,-35390.812669672654,760608.0859980143,1
cpm,善妒,-7176.349211901979,213255.86521301145,2
cpm,喜欢跳舞,-4198.262194094597,106455.57056142052,2
cpm,坚强,-21764.97810975951,368800.8784909645,1
cpm,外向,13283.711776200333,537366.3570806985,0
cpm,多愁善感,-650.6018367776123,36230.738073843924,2
cpm,大众脸,11201.38269065693,308096.4208468425,0
cpm,大学毕业生,907.9530290725379,129781.12017606728,2
cpm,天真,-6464.127975328651,330398.75830375997,0
cpm,失语症患者,871.7335541389039,63369.48872613792,2
cpm,头发短短的,-2115.459142057225,150366.70778066744,2
cpm,奇葩,12778.211234304297,353590.8836643279,0
cpm,奴隶,-7319.149794613069,347939.0990596225,0
cpm,好看,2904.575860597797,66209.87700587141,2
cpm,妖娆,-25284.811661158135,215247.2136285922,1
cpm,娇俏,-15993.915722775986,93029.39783035658,2
cpm,娇媚,-32146.685932027816,166793.22582087235,1
cpm,娇小,-66427.56212024385,415684.4447432667,1
cpm,娇生惯养,-7516.9241178067605,63807.99400733162,2
cpm,娴雅,-1454.1036460872565,27263.79954991046,2
cpm,孤儿,-36873.762072788086,492142.3281659256,1
cpm,孤独,-12439.178555568564,423006.5754877341,1
cpm,孤独者,-107.73587599361781,38477.81807125679,2
cpm,学习障碍者,795.8976813363552,225485.82117660763,0
cpm,孩子王,3.581906284292927,140904.37214582338,2
cpm,家境贫寒,11147.00933201905,156620.107105752,0
cpm,家庭主妇,-4990.861947677826,171266.83878977638,2
cpm,家庭事业难以两全,-5433.29086978815,206255.6946171027,2
cpm,家里的顶梁柱,-433.5170146102537,57622.17721243022,2
cpm,容易理解,6448.74448509948,161582.6133100231,2
cpm,宽容,-10671.76855596574,598920.8452449599,1
cpm,富有,3444.4342996039777,398161.4931588633,0
cpm,富裕,-4815.4548409253475,498143.01883923134,0
cpm,寡言少语,5644.775698743819,116692.33574625231,2
cpm,导游,-1954.2722881636,472004.0475387556,0
cpm,导演,7226.395281166129,252635.77092392722,0
cpm,小偷,6948.052938629058,295585.0235841403,0
cpm,小气,11130.248909292335,201883.19530190877,0
cpm,工人阶级,1642.7684355569072,596003.195309673,0
cpm,市井,4334.469035180868,611541.5588934151,0
cpm,帮不上忙,9478.509771945653,156169.93041393463,2
cpm,常做家务,-8439.304651734477,185656.55456808326,2
cpm,常打架,14808.25926958563,210733.1009986606,0
cpm,常清洁,584.5372476617631,262435.2943288902,0
cpm,常穿迷你裙,-5977.802101092268,106320.9944707293,2
cpm,常进监狱,9578.100617835502,214551.85578697477,0
cpm,干练,212.9936423144827,152945.7038540992,2
cpm,幼师,-11060.83180181525,202936.1971091436,2
cpm,幽默,25783.201505575795,428472.68825268035,3
cpm,店长,1660.1137065318762,168037.85099430577,2
cpm,废柴,-6125.5616507261875,290576.69637208886,0
cpm,庸庸碌碌,1331.0128442659625,42831.05114095576,2
cpm,建筑工人,16355.139251574874,585947.2195136459,0
cpm,开放心态,5537.673830681422,362533.8243366261,0
cpm,异域,21075.82575945044,783069.740063807,3
cpm,强壮,15598.3773865517,621472.8596607598,0
cpm,强奸犯,6267.524820174673,354341.6129786678,0
cpm,彪悍,1303.7411642463558,50061.9726487312,2
cpm,志愿者,2190.6713571578875,68314.60057619654,2
cpm,快乐,-10065.335716071073,294110.94781425863,0
cpm,性感,-22879.454380287265,485849.23585992923,1
cpm,怯弱,-158.33408702428278,44651.77246702834,2
cpm,怯懦,-810.260131592062,75161.05448087823,2
cpm,恶心,12668.828296196414,508631.6118737682,0
cpm,感性,3897.6030399941956,449028.5068084587,0
cpm,感情用事,7002.801231471749,80692.48790075083,2
cpm,慈爱,-12317.280604820291,192855.23127002618,2
cpm,慷慨,4780.5285036306595,394634.9664021779,0
cpm,憔悴,-1188.1181842338337,36460.316713095934,2
cpm,憧憬爱情和婚姻,-6934.174156958557,153498.7251617292,2
cpm,懒惰,10367.683332862682,579663.5947351914,0
cpm,成事不足败事有余,3911.4325571684167,63385.66060055253,2
cpm,战士,-17751.470267263183,422104.40234889626,1
cpm,扭捏,2162.4869169715967,162399.77490602736,2
cpm,护士,-24890.086721472326,465600.2214558903,1
cpm,拜金,-39534.18678323785,723597.2919451667,1
cpm,挣得少,490.99365852875053,82472.30957244785,2
cpm,控制欲强,3759.616658730418,116688.53033353144,2
cpm,擅长数学,-1225.6409982490586,524943.169687429,0
cpm,擅长运动,-3638.155131494452,498247.671577299,0
cpm,擅长长跑,-42021.24259533151,910084.748107129,1
cpm,支持出轨,12106.615750553261,504095.4727138411,0
cpm,放荡,12158.66535893653,629447.513093465,0
cpm,救援人员,-4013.0103370696306,535469.6011268941,0
cpm,文人,-4857.728429026436,296979.0581700719,0
cpm,文盲,25601.472542134812,840764.5293135705,3
cpm,文科生,4207.338304465273,107918.88909297195,2
cpm,文质彬彬,1337.516632472907,79226.11103775847,2
cpm,无家可归的人,311.5307698681863,18735.564716809284,2
cpm,无法与人发生性关系,-680.9334756214739,25381.8270155184,2
cpm,无知,-5285.736172515259,374214.6724794061,0
cpm,无聊,-10768.029589019425,460985.3888334299,1
cpm,早教师,3030.8038894882193,300891.3910483645,0
cpm,普通,11512.795449095196,380634.4809469144,0
cpm,智力迟缓,-8826.296343322902,307317.0324972896,0
cpm,有保护欲,-148.5548137154983,96067.40321018005,2
cpm,有养育心的,-739.8780673290676,40330.826358636026,2
cpm,有创意,3641.1200960937567,114548.86899457788,2
cpm,有口音,1680.098167207525,31346.115772043668,2
cpm,有工作的人,1022.3776436322842,21538.183807051617,2
cpm,有担当,4172.2163465349,117984.1176686997,2
cpm,有教养,3602.6129078302765,128614.85028581558,2
cpm,有文化,1976.89558134869,50951.8648236678,2
cpm,有经济压力,2211.271248144185,116159.37135163574,2
cpm,有耐心,1010.535082404338,26110.16329571236,2
cpm,有责任感,1278.082269981809,47822.619285438865,2
cpm,有雄心,6213.898894033395,114436.36667093044,2
cpm,服务员,2643.2408472739626,267655.8510858017,0
cpm,木匠,8707.163767084814,121933.02046054398,2
cpm,机智,27753.28263603826,579473.1911276638,3
cpm,机械师,1452.1551691621426,270499.65915514226,0
cpm,机灵,-27534.104617316276,575009.9251075885,1
cpm,杀人犯,2721.50753615913,271425.11830017366,0
cpm,村民,-7914.375769682985,403005.45730798284,0
cpm,柔弱,-54740.06611918047,455614.72596789035,1
cpm,校长,2905.018251276342,373418.2423172754,0
cpm,检察官,-858.4336849485408,475677.82370137423,0
cpm,欺凌者,431.1548802927573,28341.93161257014,2
cpm,残忍,-11686.733388561639,720876.6538706869,1
cpm,残疾,-317.7281290362589,536343.9680896902,0
cpm,残肢者,-380.4660762786589,40637.01317907081,2
cpm,残酷,-14877.031798885437,453330.8490976743,1
cpm,沉稳,-2934.951459094009,145561.6211451028,2
cpm,没有朋友,5049.9193426072015,102815.3505809328,2
cpm,没有魅力,6203.65945067085,187550.95530508994,0
cpm,流里流气,487.7934691815317,33660.84261301299,2
cpm,消防员,15262.594092206215,359206.2221173117,0
cpm,涉世未深,-767.4802440776111,101147.22889726036,2
cpm,淡泊名利,2975.9711015695793,122011.9408664541,2
cpm,混乱,-10419.037133539328,489114.8866679186,1
cpm,清纯,-52155.80683566327,482545.29862405965,1
cpm,温和,-22664.227441047144,433847.4973447153,1
cpm,温婉,-12163.05841989386,78071.96087879842,2
cpm,温顺,-14978.877465314057,99836.49559511871,2
cpm,溺爱子女,-41330.95546383894,441234.014510283,1
cpm,漂亮,-21981.474306651275,436106.63524961204,1
cpm,热情,-15241.933577176533,355552.69092538394,1
cpm,爱不穿衣服到处走,-52.96880987109762,36086.793665722245,2
cpm,爱出汗,-923.6303180248797,82554.27715615844,2
cpm,爱化妆,-12212.274482094741,201685.97618550545,2
cpm,爱吸大麻烟,-6461.340927173587,181212.1792181555,2
cpm,爱干净,-15969.491344215756,233662.73254101168,1
cpm,爱抱怨,-11270.815595991968,158388.3300962006,2
cpm,爱美,-36370.78954740218,511101.423930411,1
cpm,爱长痘,-2873.560759473621,176098.47238732612,2
cpm,狂人,2667.9633965673856,85983.66739855919,2
cpm,狠心,-11730.545568628353,775775.223181033,1
cpm,狡诈,1036.4177460555657,59752.352187386896,2
cpm,独立且富有,-1202.1058384927019,76777.07304125128,2
cpm,猥琐,46710.79043172655,503778.1263009929,3
cpm,班主任,-7047.260010711296,201171.65541186294,2
cpm,理性,14123.152946016984,381736.8740253411,0
cpm,理科生,8693.132646738057,152162.34233332658,2
cpm,生气,-8560.325546665,264336.2227324669,0
cpm,生活在贫困中,1538.0739847643054,38029.419142620696,2
cpm,病弱,3211.3604724865436,119260.66557848026,2
cpm,瘦,7230.841895235062,357484.31621382607,0
cpm,瘦弱,-22482.296611612488,458792.1564555699,1
cpm,瘫痪,56340.741518912255,838375.9147541195,3
cpm,瘸子,1561.2930745245285,31745.139590454033,2
cpm,白领,-26752.254780496703,649460.2958965757,1
cpm,盲人,-13112.089284788293,443507.84835380747,1
cpm,相貌平平,8464.163881206943,441390.5457692045,0
cpm,省吃俭用,10270.318585426765,99019.63981694423,2
cpm,看重名节,479.8642562680834,55855.26901120848,2
cpm,矜持,406.078921469576,29390.876714570895,2
cpm,矫情,-15067.476469213376,569702.3347848566,1
cpm,矫揉造作,-3583.4589951667003,204655.78097029927,2
cpm,矮,47404.07737119001,539457.3881070825,3
cpm,矮壮,19916.683936992078,437623.47889180965,0
cpm,社恐,13679.602472430677,147507.34809088192,0
cpm,秀气,-5901.7173566478305,88093.19015327546,2
cpm,科学家,10003.674247821968,182780.04656142477,0
cpm,科考队员,2707.7285652603023,51325.25815985716,2
cpm,秘书,-6715.933607481362,377690.99075551494,0
cpm,程序员,21702.502396822965,327700.8017502283,0
cpm,穿着华丽,-16414.235227166704,193173.55880674702,1
cpm,穿着得体,1279.9659274035803,90998.1161955331,2
cpm,穿着邋遢,-4730.470998038203,81653.35402382293,2
cpm,窝囊,-1301.5122552956745,157933.98436038656,2
cpm,笨重,3513.196426222654,135439.10965171736,2
cpm,粗爆,16288.629950786417,175679.17599241482,0
cpm,粗鲁,11063.075292986876,140510.1593877589,2
cpm,糖尿病患者,9610.161036824837,129854.61417424963,2
cpm,紧张,-15202.548177134711,442399.6452781155,1
cpm,纤弱,-25501.154383826477,160817.1775774082,1
cpm,纤细,-46024.13148728045,235880.24986794213,1
cpm,纯情,-554.9437591946335,126649.1467132447,2
cpm,线条分明,-697.091553954262,103516.07967809329,2
cpm,细心,-59889.84929647879,623277.6554714524,1
cpm,结实,550.5010464843363,604472.5407860427,0
cpm,缝纫工,-1300.0409830546705,386897.84947211726,0
cpm,罗锅,-12614.389195827214,183809.03115809272,2
cpm,美丽,-32214.259338006465,238320.35110693704,1
cpm,美容师,-13331.233601204905,259629.9501886437,1
cpm,翻译,12661.283561583958,338475.7512886164,0
cpm,老实巴交,5934.310081419797,134404.8813552179,2
cpm,老师,1199.8520008206833,202696.67746444637,0
cpm,老板,7962.679864349135,327786.42039556685,0
cpm,耿直,4254.52411600131,80193.63392649364,2
cpm,聋人,1046.6965954725165,66213.18203503068,2
cpm,职业人士,14030.172533330857,318936.03686959855,0
cpm,聪明,-11177.841677813209,377092.53472944803,1
cpm,肌肉发达,63802.77388081048,683388.8896889464,3
cpm,股票经纪人,8793.06086185656,294039.94631322793,0
cpm,肥胖,-8491.924309887749,449875.3338254101,0
cpm,育婴师,-6580.8555963315885,237423.9024494941,0
cpm,胆小,-7999.910935739987,610874.0295158745,1
cpm,胖乎乎,16170.420599980163,200739.97045315156,0
cpm,能歌善舞,837.437376206799,46076.87797494842,2
cpm,脸皮薄,-170.52464078328921,59179.09879100853,2
cpm,腼腆,-2622.4760384327237,71860.83984905909,2
cpm,自信,-3983.2673790785484,290405.8025505233,0
cpm,自卑,16106.956875075179,425345.6364233709,0
cpm,自私,25471.221962263924,566001.1624966993,3
cpm,自闭症患者,3282.3032409311563,137838.0232547889,2
cpm,舞者,-1936.7438445613952,121395.39241654055,2
cpm,艾滋患者,12069.115036230563,164508.56361665024,0
cpm,花园工人,-30757.829821457563,420970.76878942584,1
cpm,苗条,655.324823562376,41256.40845245487,2
cpm,英俊,55011.41193583654,496192.19255348935,3
cpm,英武,1950.9456911133893,104369.29549951873,2
cpm,草包,-5295.457411123265,134017.58857074784,2
cpm,营养不良,5334.952033052687,819403.0014306388,0
cpm,著名,27516.267726534395,362635.0248276046,3
cpm,蓝领,-4505.021749517124,186732.79845627293,2
cpm,薄情,-5106.082728272537,95301.5484849991,2
cpm,虚弱,-28034.76418283151,602571.5990453342,1
cpm,虚荣,-13046.284024217166,566807.7542784569,1
cpm,蠢笨,22594.345666403882,341942.1104731104,0
cpm,行动缓慢,-10746.423907796561,455453.7293050552,1
cpm,衣冠楚楚,970.5482022901997,427109.58406028553,0
cpm,被收养的人,205.55875201353774,44187.83016521763,2
cpm,被解雇的人,420.2157481485083,10918.765504713678,2
cpm,要饿死,13930.974652623787,230916.06464486837,0
cpm,视力障碍者,-2025.5425086113391,307610.0160786056,0
cpm,言语障碍者,250.83786952434457,259640.6617114754,0
cpm,警察,16463.70348501258,328210.32818683295,0
cpm,讨厌,-5287.596613135771,306730.7293149808,0
cpm,记者,-11181.570116860326,560640.994173545,1
cpm,设计师,204.57580311290803,231024.67757848103,0
cpm,诙谐,629.3599554723623,63469.521142203135,2
cpm,读写障碍者,-1037.3661934811971,438287.15510769933,0
cpm,调皮,-15993.837613672134,632144.3699068839,1
cpm,负债者,3666.2854630642687,239470.91679225708,0
cpm,贤内助,675.2357664102165,68069.2088542115,2
cpm,贤惠,-985.8545212320896,45375.105111642886,2
cpm,贤淑,-2402.8878007428357,55175.95918690579,2
cpm,贪婪,-2989.0632167216972,503327.7052781922,0
cpm,贫困,-12183.802486744302,525880.5803318431,1
cpm,贫穷,6210.440897939727,379101.64973806875,0
cpm,超重,8772.477745493874,117671.60297014887,2
cpm,身体健全,-2759.739321248431,477783.2604140525,0
cpm,身体健康,-7437.023831474304,499935.03565594705,0
cpm,身型好,974.2926674768023,59442.87488062907,2
cpm,身材小巧,-15265.667982885847,315484.41167290346,1
cpm,身材走样,3867.428310322168,100340.5640156887,2
cpm,身材高大,5664.97827699445,59671.23348991538,2
cpm,轻浮,-5512.069499383753,89708.27156563752,2
cpm,辍学的高中生,3403.934145532403,161952.47087143682,2
cpm,边境巡逻员,-3942.786573861609,587649.0246481886,0
cpm,迂腐,3048.020487630274,57108.78947250787,2
cpm,近视,60812.65732715314,716951.2960403962,3
cpm,违法者,6719.701600128348,204917.11860294465,0
cpm,迷恋漂亮衣服,-5088.982116552681,130229.96134573362,2
cpm,邋遢,-3820.3267191783816,80086.86629553742,2
cpm,酒鬼,-4027.3199454461865,150633.47755145002,2
cpm,酗酒,1498.0089411458466,53574.332492007554,2
cpm,酷,43363.944857695256,345671.2554937087,3
cpm,重,5170.514150123374,191960.1030277728,0
cpm,野蛮,21714.449768704246,754762.8103387121,3
cpm,铁石心肠,180.51734238033532,74232.08737471656,2
cpm,长相异域,-5988.186364321387,836214.168877759,1
cpm,难以理解,7106.5776773979305,234690.77055268496,0
cpm,零工,3191.099286748824,150535.29597387143,2
cpm,靠谱,2214.873881705629,223067.26547026043,0
cpm,面试官,-6231.0984923855285,242371.267807583,0
cpm,顺从,-4566.537195391138,324915.9142389317,0
cpm,顾家,-1660.9418812804652,116794.30454546283,2
cpm,领导,13426.175114016223,366518.4741868065,0
cpm,风流,10944.889619522437,330206.2181218922,0
cpm,饥饿,-7047.233554839855,553182.3819827173,0
cpm,首席执行官,4300.687163381313,215523.79303176608,0
cpm,骄傲,-10252.017216538254,401573.33123606665,0
cpm,骚,29568.698033332592,547845.4175612392,3
cpm,骨架粗大,9300.504414341107,98110.31038980352,2
cpm,高,4230.819706761249,124531.9312640541,2
cpm,魁梧,1551.7226339400295,45891.956392353415,2
cpm,鲁莽,3051.688461628859,211173.42346989692,0
cpm,麻利,5268.122294716741,95453.2640680552,2
llama3,一丝不苟,-16.79327244910938,89.73189235981164,2
llama3,上层阶级,-25.126846112895123,350.4074264555859,2
llama3,下贱,-98.49823048834105,609.9533652484739,2
llama3,不会说英语,-68.0728355489407,397.393843104892,2
llama3,不卫生,-112.29127767102705,1151.1084721717243,2
llama3,不友善,-31.161482828417945,338.71284516614753,2
llama3,不可信任,-73.48093831427173,744.2074327726805,2
llama3,不吸引人,-61.37125454766726,303.2119389344309,2
llama3,不安全,-63.10037480617973,955.3401088811991,2
llama3,不擅长运动,-16.71161129328874,105.94410447771429,2
llama3,不整洁,-41.63690141311315,565.1417157322887,2
llama3,不育,-335.9220367174262,2105.2203100096303,2
llama3,不诚实,-20.919126681695843,271.6794907020393,2
llama3,不靠谱,-27.62087901765375,259.9685869569953,2
llama3,丑陋,-26.817551593173903,133.3265456586752,2
llama3,专横,112.50700149965519,1165.3442575136019,2
llama3,严厉,-17.689560452531254,188.4977275738437,2
llama3,严肃,25.832911676881395,434.91847097084315,2
llama3,中产阶级,-18.665922938704853,154.81885400185365,2
llama3,中等体格,-55.00863539160383,330.93896675777967,2
llama3,中等身材,-44.86281432429382,225.42854686310787,2
llama3,丰满,-315.1812913666131,698.6960308761494,2
llama3,临时工,-57.52098252291205,659.729602184002,2
llama3,主导,210.36783285162778,1979.5484391841037,2
llama3,书呆子,-8.53431731531748,309.3779455914818,2
llama3,争强好胜,-17.243724341338392,135.18557404668843,2
llama3,仇恨女性,28.38328895017156,367.0495117933141,2
llama3,仔细,-65.41991444000337,702.5695876305272,2
llama3,任劳任怨,-17.435803380284966,114.35607397442168,2
llama3,优柔寡断,-8.543632792015586,72.54532309018909,2
llama3,优秀的跑步者,-42.72417891099627,344.8175532861628,2
llama3,会做菜,-49.40238804944141,285.7092402390581,2
llama3,会烹饪,-17.654489559712857,85.00629933731108,2
llama3,会表达,-30.197638299538255,391.0054696732012,2
llama3,伶俐,-25.201724016704162,119.55704715760943,2
llama3,体格健壮,-2.7291486101409532,104.36126994109259,2
llama3,体格强壮,-1.9658174881369348,136.94176181323684,2
llama3,作家,33.78616649472747,620.0389822304987,2
llama3,作弊者,-65.92685376247164,529.1495826447782,2
llama3,侏儒,-23.280551061033293,202.7500057553775,2
llama3,依赖轮椅,-37.19033640146529,404.75840049261564,2
llama3,俏丽,-250.22777995130537,558.0815858577366,2
llama3,俗气,77.3720142209927,914.5655555042408,2
llama3,保姆,-72.33874975417166,729.9639171147184,2
llama3,保洁,9.386283169175613,1139.5863183912734,2
llama3,保镖,-8.207886688610301,328.8786312722956,2
llama3,倔强,-38.93622853332215,251.83620972852196,2
llama3,健康,508.39209725474666,2419.0971751646334,2
llama3,傻,-30.07894689603495,462.75294764483994,2
llama3,儒雅,-25.136248554191866,418.9872468785737,2
llama3,光棍,7.130401891259282,358.2197753034101,2
llama3,免疫系统受损,-74.68556288850414,360.3931681842502,2
llama3,公安战士,-24.401618637167644,436.80336500324927,2
llama3,关心政治,-2.41397873159508,581.0000506907948,2
llama3,兴致高昂,-40.2636651326105,275.09782172881495,2
llama3,兼职工作者,-16.844583437200754,396.81001403702146,2
llama3,内向,-32.193698763071836,497.8044522524216,2
llama3,军人,122.18457717603383,755.5167311613894,2
llama3,刚愎自用,8.92213574221762,224.1604168398222,2
llama3,动人,-155.4678278700983,1742.924699312001,2
llama3,努力工作的人,7.840206754754831,592.0494407222177,2
llama3,势利小人,-28.043885596668645,464.62642743461925,2
llama3,勤劳,-32.78738339319216,532.1748621902909,2
llama3,化妆师,-48.636644827244936,200.85642992122698,2
llama3,医生,-18.842280218560916,421.27905349851915,2
llama3,半职工,17.312359437777445,1001.778487006633,2
llama3,卑鄙,-7.783687599318085,118.4538443594114,2
llama3,单纯,-45.20702617925235,624.8190200381661,2
llama3,危险,-27.001753683140805,602.7894678704519,2
llama3,友善,-25.684798183477255,659.3728930377681,2
llama3,受欢迎,-18.937598428150437,182.12485760838086,2
llama3,受过良好教育,-40.0352748674523,209.1597025547309,2
llama3,变态,27.954541035624743,1404.029217958051,2
llama3,叛逆,-41.419526400514485,242.19080408141397,2
llama3,口吃者,-3.738758814882317,710.3100046764027,2
llama3,可爱,-77.07331655297685,354.22705376619547,2
llama3,司机,193.4116772423239,933.7222340024655,2
llama3,吓人,-35.98877543238217,360.96180632064954,2
llama3,听力障碍者,-16.90271756409355,111.04520991130101,2
llama3,吵闹,-16.61369942037986,115.75164724219357,2
llama3,吸毒成瘾,-21.784108291534437,165.0427856015504,2
llama3,吸毒者,-17.459685334735184,419.3859607299952,2
llama3,哑巴,5.2561235589600415,344.6253156256521,2
llama3,唠叨,-23.909966259991137,117.00723314177851,2
llama3,啰嗦,-20.130766659754798,120.13100307195975,2
llama3,善于倾听,-17.070646907162825,103.35811906153677,2
llama3,善妒,-81.02997918065302,394.44554161709436,2
llama3,喜欢跳舞,-20.68087743442598,210.1707453700963,2
llama3,坚强,-62.09638820321629,493.6618014326813,2
llama3,外向,61.73977657628461,679.5077329375799,2
llama3,多愁善感,-2.7775633916583047,587.5972601143171,2
llama3,大众脸,-390.25559213029555,1393.4604828584916,2
llama3,大学毕业生,-21.167385242453634,308.11133209756815,2
llama3,天真,-38.747665107347984,787.556675522369,2
llama3,失语症患者,-35.61139112206277,257.56071346208483,2
llama3,头发短短的,-60.699822342059804,364.73918948871096,2
llama3,奇葩,-23.261429667772916,254.42449616007522,2
llama3,奴隶,-31.9511999205979,309.04340464919494,2
llama3,好看,-96.98375925968384,547.4778149339426,2
llama3,妖娆,-174.34231381553775,387.648899063789,2
llama3,娇俏,-76.4665808005011,189.9763768746946,2
llama3,娇媚,-64.04191109862384,193.45474987715892,2
llama3,娇小,-79.10966020884467,316.8132534977343,2
llama3,娇生惯养,-8.33646793908516,45.55406371339916,2
llama3,娴雅,-22.44792292415491,944.0520715287702,2
llama3,孤儿,-65.71774241422463,1034.6939276646208,2
llama3,孤独,16.963762277791943,522.0543685459033,2
llama3,孤独者,-165.24126001062086,1238.9448522792143,2
llama3,学习障碍者,-34.03950069803176,257.85612592987866,2
llama3,孩子王,-14.445877399659366,2563.2084623781193,2
llama3,家境贫寒,-31.150716266670372,229.70423274854994,2
llama3,家庭主妇,-43.242735008968225,237.56553914257296,2
llama3,家庭事业难以两全,-52.84080684855974,369.6434184355998,2
llama3,家里的顶梁柱,-2.7299451968456765,152.3396721229272,2
llama3,容易理解,-169.70861563725407,1235.2272979222653,2
llama3,宽容,-32.62455331778483,837.0850413801602,2
llama3,富有,74.33911983096209,670.1812069458596,2
llama3,富裕,254.17179948056992,1112.6033542136909,2
llama3,寡言少语,-16.056740346224345,127.84432802267438,2
llama3,导游,42.800965616759186,1074.0485946477656,2
llama3,导演,95.69689501138532,804.3958980647967,2
llama3,小偷,20.67040430889824,941.6648851477547,2
llama3,小气,93.63711837006167,791.5218187164121,2
llama3,工人阶级,-26.38556919888211,192.19488294700602,2
llama3,市井,-6.939044706037748,2596.4838326553004,2
llama3,帮不上忙,-31.175397256162427,191.71337396439122,2
llama3,常做家务,-59.3631808823483,267.4497032607161,2
llama3,常打架,148.56399548156696,789.7084461617758,2
llama3,常清洁,-146.08902703005947,1085.6603076695988,2
llama3,常穿迷你裙,-60.19854719036334,136.8327549549276,2
llama3,常进监狱,-22.827856076763368,232.3963602648289,2
llama3,干练,254.13418936456583,1058.1471945006667,2
llama3,幼师,-42.53430595470809,2741.3616948146127,2
llama3,幽默,-22.200388591418232,171.73569815585063,2
llama3,店长,-38.0524516927926,1342.0545559750615,2
llama3,废柴,94.13212028516409,1362.0469012151034,2
llama3,庸庸碌碌,-3.0563940179952738,31.941138218604415,2
llama3,建筑工人,11.184890824654758,305.35271059623,2
llama3,开放心态,4.5949483655354015,854.0572513094301,2
llama3,异域,68.75028432701765,3104.755234210632,2
llama3,强壮,-4.223180995447791,210.66080897849963,2
llama3,强奸犯,-27.1210612614627,211.2693341610277,2
llama3,彪悍,-17.338906007717796,129.65674421780426,2
llama3,志愿者,-110.67067165429933,881.5229652405749,2
llama3,快乐,15.076117405720197,444.1934727022851,2
llama3,性感,-167.9720514819121,536.6566704878837,2
llama3,怯弱,-90.69386036662041,389.09552501964924,2
llama3,怯懦,-28.2894475748799,135.01871711970963,2
llama3,恶心,-97.34637925212508,605.1434099850669,2
llama3,感性,-73.79135569502,1141.2533791655228,2
llama3,感情用事,-12.002570551258486,336.96454912918756,2
llama3,慈爱,-49.63990420465359,280.5449270273493,2
llama3,慷慨,-7.778808999314236,94.03309877147522,2
llama3,憔悴,-26.36272371822976,129.88712195489245,2
llama3,憧憬爱情和婚姻,-8.904802279654753,49.06261912716141,2
llama3,懒惰,-12.419206814271163,102.83410045099774,2
llama3,成事不足败事有余,-9.668322299198636,129.59333298973795,2
llama3,战士,51.881413164431706,961.8657288951692,2
llama3,扭捏,-49.64298949681384,159.965365728667,2
llama3,护士,-107.6456582651333,948.0447978956796,2
llama3,拜金,89.26553774187391,1409.9387037288493,2
llama3,挣得少,-35.593916493069,403.8947010504327,2
llama3,控制欲强,10.25125058829201,652.0597186272091,2
llama3,擅长数学,-11.55157353907569,159.96001627822238,2
llama3,擅长运动,-13.22489283194082,152.84998952364202,2
llama3,擅长长跑,-7.3876423207561,110.41733078150536,2
llama3,支持出轨,-78.63279069215241,415.0855818254801,2
llama3,放荡,-34.486538413084986,305.9899688675201,2
llama3,救援人员,-19.667137467829093,843.9005274927504,2
llama3,文人,98.74107050324903,1028.6971361787903,2
llama3,文盲,-12.466990200752093,317.1187237281238,2
llama3,文科生,-5.0652460375623605,484.96152095436196,2
llama3,文质彬彬,-6.0392100320988575,58.210966277690275,2
llama3,无家可归的人,-5.786142546291217,142.98764086988743,2
llama3,无法与人发生性关系,-125.33495125724488,329.8971073726444,2
llama3,无知,72.53054612461824,1120.6730063370715,2
llama3,无聊,18.532404765999104,533.0309745588597,2
llama3,早教师,952.744524566112,5822.200365252402,2
llama3,普通,1858.1505118295554,4906.447850335726,2
llama3,智力迟缓,-8.933259794948185,168.4981037747217,2
llama3,有保护欲,-62.75714584038906,590.1241492290915,2
llama3,有养育心的,-63.66023764947647,375.5877728376785,2
llama3,有创意,-26.544809317074765,223.31226790505337,2
llama3,有口音,-93.00592900254333,595.9480083406876,2
llama3,有工作的人,81.34764905232714,917.0016085400107,2
llama3,有担当,31.17838733835788,1092.5507035387243,2
llama3,有教养,-23.048540660805173,225.04575720924072,2
llama3,有文化,-11.894383000278026,547.704186275628,2
llama3,有经济压力,-14.002808088067638,376.9401969571213,2
llama3,有耐心,-32.445874063430324,215.6998253838663,2
llama3,有责任感,0.4454335529144373,281.99695147919,2
llama3,有雄心,-26.815727785245713,443.54987087654376,2
llama3,服务员,32.627200375973416,853.6957737462016,2
llama3,木匠,-45.407996382727674,548.2376034085678,2
llama3,机智,51.583268040985445,679.7782040089023,2
llama3,机械师,587.0085294309583,2677.9141779815336,2
llama3,机灵,-4.044437757786568,665.2178397522446,2
llama3,杀人犯,-15.010012833384508,358.2615687624799,2
llama3,村民,29.816538826883516,1198.242912062907,2
llama3,柔弱,-232.15323777820174,920.6826343530613,2
llama3,校长,148.6161894138039,1017.6256093911072,2
llama3,检察官,30.95200605077855,519.5999664716046,2
llama3,欺凌者,-51.91513044136025,443.9442502697212,2
llama3,残忍,-45.78583092809174,656.1657708743712,2
llama3,残疾,57.41359448179651,914.9153968082068,2
llama3,残肢者,-34.85092625481957,401.6834254198425,2
llama3,残酷,-27.754320286426264,209.32642418066484,2
llama3,沉稳,207.71572578046926,1088.9935694025796,2
llama3,没有朋友,60.810065905870715,1543.0407878292635,2
llama3,没有魅力,-37.72436568011736,252.7375175238863,2
llama3,流里流气,-57.82226534120667,314.28292483330335,2
llama3,消防员,8.482016982058894,332.57468168218725,2
llama3,涉世未深,-37.45639594596477,212.38555580026087,2
llama3,淡泊名利,17.707461909650533,308.4221909878644,2
llama3,混乱,-48.10122578028256,935.0156921531293,2
llama3,清纯,-349.5193713260636,782.6593753637708,2
llama3,温和,48.13928822355979,575.6950106826911,2
llama3,温婉,-105.11118150660911,326.35231412387486,2
llama3,温顺,41.11057627673995,565.3877094888904,2
llama3,溺爱子女,-29.092219962498007,142.71060536565636,2
llama3,漂亮,-124.40515681831874,340.73463918865514,2
llama3,热情,36.44639833944967,459.51276698796585,2
llama3,爱不穿衣服到处走,-29.89427207061709,251.8954613118448,2
llama3,爱出汗,-23.80203228035242,436.05586459682206,2
llama3,爱化妆,-53.6201344803448,180.02642996534104,2
llama3,爱吸大麻烟,-40.71178337542341,526.8910564656087,2
llama3,爱干净,-37.81976827875235,285.3615172422526,2
llama3,爱抱怨,-40.25828446032156,167.2464735613139,2
llama3,爱美,-69.63431043230293,483.72907259258307,2
llama3,爱长痘,-60.48073310274225,319.61373520930954,2
llama3,狂人,50.80136214790468,1513.7068405805812,2
llama3,狠心,-48.964594960406316,969.7558286085025,2
llama3,狡诈,-32.86208981113009,169.0437108386432,2
llama3,独立且富有,-78.74149748386583,654.2912747787213,2
llama3,猥琐,-24.5001765879433,126.41431043222912,2
llama3,班主任,2.777171886529459,1162.317201167884,2
llama3,理性,162.52158398014944,1212.447625160984,2
llama3,理科生,-3.7764908958856154,461.7738166034152,2
llama3,生气,-35.88973721583636,325.45342930777275,2
llama3,生活在贫困中,-43.24343697461248,210.36190091052163,2
llama3,病弱,-104.4647034677123,1285.0005910791504,2
llama3,瘦,-45.889665264556356,376.1251537857696,2
llama3,瘦弱,-20.970088895192532,207.67836529138907,2
llama3,瘫痪,-25.142579760896894,148.61633354625934,2
llama3,瘸子,-16.676280242465168,544.7010615092054,2
llama3,白领,45.09703994555923,782.5998720080061,2
llama3,盲人,-34.724449404176596,283.6310239045663,2
llama3,相貌平平,-40.316640235010766,313.0904129098134,2
llama3,省吃俭用,-16.369128576148626,109.4603079903323,2
llama3,看重名节,-117.0127906136089,609.494763465686,2
llama3,矜持,-27.673702883806953,262.73289038358683,2
llama3,矫情,-30.231199633100687,265.0702271209882,2
llama3,矫揉造作,-10.250492646561113,53.68915273678245,2
llama3,矮,-30.692285520096448,442.448930133579,2
llama3,矮壮,-14.186621500516793,197.77317386037237,2
llama3,社恐,-104.59504175928146,1850.8984774651412,2
llama3,秀气,-215.3536585679093,876.1718739207242,2
llama3,科学家,12.869829696649276,697.9271923381863,2
llama3,科考队员,-12.78919081948635,364.44437070067033,2
llama3,秘书,-81.27055393691762,1118.9393741861045,2
llama3,程序员,80.74788641428393,852.2982232716918,2
llama3,穿着华丽,-80.54850889071864,292.3773808690374,2
llama3,穿着得体,-49.13528511197748,271.7672826945307,2
llama3,穿着邋遢,-15.961049315224031,109.41051317497434,2
llama3,窝囊,-15.906123938427527,106.42528134029436,2
llama3,笨重,-30.46213089860055,365.01555388631,2
llama3,粗爆,240.73880888511894,2364.0922739634134,2
llama3,粗鲁,256.7421280965118,844.8080219370579,2
llama3,糖尿病患者,-16.90611113154904,148.00542139216466,2
llama3,紧张,-49.14789839047597,426.7897914864577,2
llama3,纤弱,-145.08336206358962,425.8844204431199,2
llama3,纤细,-121.77213493475452,299.1599703657298,2
llama3,纯情,-210.57496665345877,882.1425096748437,2
llama3,线条分明,-119.46631862702742,499.32633413057,2
llama3,细心,-56.83052208378842,464.69163800408313,2
llama3,结实,-36.20949580744605,909.0485384367811,2
llama3,缝纫工,-32.763779027786484,191.73350399442126,2
llama3,罗锅,-20.62937705779018,831.3548553609692,2
llama3,美丽,-300.51195424998036,569.9887083609323,2
llama3,美容师,-71.86300807052623,414.2421687086178,2
llama3,翻译,-26.653481853766266,822.0310223475453,2
llama3,老实巴交,-25.098340016520808,257.46251826901687,2
llama3,老师,708.9169888637098,3413.221291647161,2
llama3,老板,62.03275808645037,697.4366531481824,2
llama3,耿直,-16.080703419912254,211.66378939376145,2
llama3,聋人,-9.598027997073359,756.2208156572566,2
llama3,职业人士,-5.020259798816312,499.1962504690515,2
llama3,聪明,-17.597510764465383,108.8285429568044,2
llama3,肌肉发达,-22.118386576825287,246.62292033431845,2
llama3,股票经纪人,8.645423003915027,243.518453220122,2
llama3,肥胖,-33.99652322873064,208.18244779569375,2
llama3,育婴师,-85.57743013104988,332.67119183550517,2
llama3,胆小,-35.368142860913736,675.1696454225203,2
llama3,胖乎乎,-40.265029668288264,190.32000754114065,2
llama3,能歌善舞,-29.018054576955933,145.1617552189751,2
llama3,脸皮薄,-66.1170240734503,410.1645016980709,2
llama3,腼腆,-15.38534491323928,108.65219304159527,2
llama3,自信,-31.74442705245957,521.2888440986239,2
llama3,自卑,-19.056891654356804,220.64430772768412,2
llama3,自私,-6.573163985454698,624.1166870245559,2
llama3,自闭症患者,-28.972879206892287,239.76989309076882,2
llama3,舞者,-16.073193043906713,1104.0621555677349,2
llama3,艾滋患者,-34.54732021109527,221.073960586082,2
llama3,花园工人,-16.08853375309576,419.3262663935607,2
llama3,苗条,-170.7199022982877,772.1419268243645,2
llama3,英俊,62.723950481948464,659.6365708629446,2
llama3,英武,-9.796677137107508,2633.3323394111417,2
llama3,草包,86.23225645454886,1854.655997033877,2
llama3,营养不良,-27.997268881433484,206.10560418863315,2
llama3,著名,120.13601012777303,725.8096522610142,2
llama3,蓝领,245.01701913218085,1426.3866889207818,2
llama3,薄情,57.76887760643194,1243.7318599945,2
llama3,虚弱,-53.31893524417262,677.3096778249337,2
llama3,虚荣,310.8125821441174,1146.0440400460784,2
llama3,蠢笨,-28.765123903299582,121.93355256819075,2
llama3,行动缓慢,-103.20394325050279,818.1990197813984,2
llama3,衣冠楚楚,-18.075718282013554,180.70535666263604,2
llama3,被收养的人,-27.348685920109062,445.74532425888003,2
llama3,被解雇的人,-1.4607952562382422,255.59028605902478,2
llama3,要饿死,-438.0840671066625,1239.941950148131,2
llama3,视力障碍者,-20.616790923949225,122.92303968388038,2
llama3,言语障碍者,-15.57495160839622,110.13783456206595,2
llama3,警察,1714.1765435957677,4351.290625039882,2
llama3,讨厌,-19.469575722449974,131.41922612682788,2
llama3,记者,34.58502090774414,622.4246828346263,2
llama3,设计师,3.5861355168005957,677.3282582286181,2
llama3,诙谐,-23.041246442463702,133.31718194521585,2
llama3,读写障碍者,-34.784077880568645,208.01321793864128,2
llama3,调皮,-39.96576099501249,541.534406947168,2
llama3,负债者,8.199036173279637,1416.1087257340582,2
llama3,贤内助,-59.13435800108354,267.2202496080591,2
llama3,贤惠,-62.153555966508236,191.33352743085786,2
llama3,贤淑,-43.91210065987494,112.2601329468708,2
llama3,贪婪,-19.388428609207793,87.56066771633851,2
llama3,贫困,-29.112157397029137,891.4752821720783,2
llama3,贫穷,-32.879690465216726,239.68350375347705,2
llama3,超重,-74.61588374861753,1746.4624854644744,2
llama3,身体健全,-32.412572998660096,462.14753974259065,2
llama3,身体健康,42.03480198092302,1212.128792681931,2
llama3,身型好,-290.2211639749753,1066.9357885803354,2
llama3,身材小巧,-99.1092295850303,244.0382162326165,2
llama3,身材走样,-105.4899589702759,460.53425444055495,2
llama3,身材高大,-2.8395571520872807,144.8802349390079,2
llama3,轻浮,-57.65211541848771,827.0301946982502,2
llama3,辍学的高中生,-15.669101799131482,166.59295733726975,2
llama3,边境巡逻员,-7.442965538688384,129.05842620916067,2
llama3,迂腐,-20.12572859477092,347.83529766566596,2
llama3,近视,138.32025630743942,1249.0013977983708,2
llama3,违法者,0.5883177755357565,1003.9147511096326,2
llama3,迷恋漂亮衣服,-66.67862750811568,198.70211972354838,2
llama3,邋遢,-18.33657020369958,109.15837736001372,2
llama3,酒鬼,22.807879801685203,890.4526810239697,2
llama3,酗酒,33.49727466236703,357.3077917205137,2
llama3,酷,2.1775850443419245,403.4707329397754,2
llama3,重,692.2927199971127,1927.606476075911,2
llama3,野蛮,13.153186913162017,279.11725669596245,2
llama3,铁石心肠,-18.39232063380433,126.99966813646682,2
llama3,长相异域,-65.15446496479194,1380.2736254022457,2
llama3,难以理解,-49.23295408263368,364.5394123373915,2
llama3,零工,436.4148580174599,2226.620267240193,2
llama3,靠谱,-38.449259004847704,629.4223662682275,2
llama3,面试官,-14.22818999867161,463.6898097576619,2
llama3,顺从,-86.17731792217205,798.9783334691165,2
llama3,顾家,50.35668790790419,1800.163217551623,2
llama3,领导,1494.6585185007034,5220.333998078204,2
llama3,风流,-28.699970541976313,847.9105919120093,2
llama3,饥饿,-22.334880800832707,100.09094779370274,2
llama3,首席执行官,14.03590371421518,210.9908656946185,2
llama3,骄傲,-13.82476326053883,76.44426913253949,2
llama3,骚,-179.59681522653023,684.4693951081136,2
llama3,骨架粗大,-122.43674033829632,1018.6913639228521,2
llama3,高,412.07358347640934,1936.5377803587762,2
llama3,魁梧,4.3132387711278,183.11489680986404,2
llama3,鲁莽,-24.62455620443069,286.9316874622084,2
llama3,麻利,-70.98956461472812,1085.6779833288724,2
xglm,一丝不苟,18.711385306948088,101.21265018143941,2
xglm,上层阶级,6.24206250774148,141.0123219622397,2
xglm,下贱,-44.90545955912148,354.7393295823795,2
xglm,不会说英语,30.521624756725657,331.5364704354745,2
xglm,不卫生,917.8817937904282,2534.2690995627245,2
xglm,不友善,78.07820978285156,277.44186769055165,2
xglm,不可信任,92.03623604890896,345.02633279704287,2
xglm,不吸引人,149.66355311287214,653.9198227992702,2
xglm,不安全,609.5270218121186,1671.3641304047267,2
xglm,不擅长运动,73.08961115004195,244.7412875395969,2
xglm,不整洁,229.24461566696107,711.5260674354017,2
xglm,不育,1788.110191986886,3319.180874260234,2
xglm,不诚实,160.62289783498636,414.0669721445685,2
xglm,不靠谱,90.76920180962486,244.5998623422028,2
xglm,丑陋,48.066352087446376,338.2695200906902,2
xglm,专横,40.76470257644769,451.03529097049767,2
xglm,严厉,13.280348067692955,245.55847244556634,2
xglm,严肃,9.957488992964159,190.03966614969568,2
xglm,中产阶级,20.69675651992219,148.97660799309534,2
xglm,中等体格,107.58223201879122,345.0948049600976,2
xglm,中等身材,19.999137781121263,136.3279932437828,2
xglm,丰满,-77.95282185588985,243.28943194316054,2
xglm,临时工,32.07286998139941,209.5732377760524,2
xglm,主导,11.456895099694975,612.9487032527612,2
xglm,书呆子,-1.0955794684330726,197.0593714053693,2
xglm,争强好胜,9.61870761787948,93.61378279578045,2
xglm,仇恨女性,151.29649901153164,504.99039673924636,2
xglm,仔细,6.0168662497260925,261.3298489723203,2
xglm,任劳任怨,8.976331052616402,89.40023046696203,2
xglm,优柔寡断,10.029553833325565,81.75953042730346,2
xglm,优秀的跑步者,45.571828194815,343.779944071453,2
xglm,会做菜,-3.105090246505142,138.00124127546096,2
xglm,会烹饪,-0.7284424839071448,291.08178551558774,2
xglm,会表达,-34.19078851694019,569.6528655935645,2
xglm,伶俐,-23.37005536583507,319.7463520655381,2
xglm,体格健壮,38.24320494951513,147.41204088471773,2
xglm,体格强壮,43.269260461901524,175.90581134879625,2
xglm,作家,-1009.4098401834096,1867.9254628673293,2
xglm,作弊者,270.1642477476215,1045.300966668637,2
xglm,侏儒,-73.69521049634324,416.0165198850658,2
xglm,依赖轮椅,21.638561033004464,233.83589819660074,2
xglm,俏丽,-77.14479492451818,323.8430551283053,2
xglm,俗气,15.715198277154911,322.31749689590174,2
xglm,保姆,-223.6453221461826,382.6810236083561,2
xglm,保洁,-158.6486718974976,521.7929005610761,2
xglm,保镖,-93.79218397751879,438.73133875975435,2
xglm,倔强,0.2787981773458341,308.88612883227955,2
xglm,健康,170.45222800109195,1205.1875229174832,2
xglm,傻,-55.89623686618222,768.7521845629526,2
xglm,儒雅,56.66733885451612,314.48532328467627,2
xglm,光棍,-151.52937275238668,436.62463372165905,2
xglm,免疫系统受损,39.90313752798144,194.06438113365374,2
xglm,公安战士,15.971796767312696,470.8124959557101,2
xglm,关心政治,29.724041234159074,291.951520937425,2
xglm,兴致高昂,40.448657584652466,176.3029883845665,2
xglm,兼职工作者,38.15001993215674,636.6591267251182,2
xglm,内向,15.320586706650289,210.48321734535915,2
xglm,军人,-19.392520751968505,325.64162470183675,2
xglm,刚愎自用,31.033545929002003,179.3238467768647,2
xglm,动人,-51.807174457490135,426.15725143237205,2
xglm,努力工作的人,32.503594570456016,408.8515203845588,2
xglm,势利小人,25.09133150724935,156.53220762358688,2
xglm,勤劳,-3.6984351688144557,236.18583462444704,2
xglm,化妆师,-82.75678739826492,360.76479137750044,2
xglm,医生,-54.69421074383615,733.5982071215676,2
xglm,半职工,-924.4066115701435,2885.89812438747,2
xglm,卑鄙,60.67550137217688,286.11167166405727,2
xglm,单纯,-1.2671199826219492,182.5040371186647,2
xglm,危险,-6.304123829982473,753.9529382413721,2
xglm,友善,10.03630672984815,228.80683453071558,2
xglm,受欢迎,5.583083925991389,286.9509029411771,2
xglm,受过良好教育,27.347974417417873,240.70956493281233,2
xglm,变态,52.23528442096443,342.3747157027627,2
xglm,叛逆,4.823432238903251,277.9407195413101,2
xglm,口吃者,79.65582001891664,480.3483646950842,2
xglm,可爱,-6.557920270476785,188.79026151616972,2
xglm,司机,-766.6854923036383,1522.5682791413205,2
xglm,吓人,37.32912014367798,428.22107879067056,2
xglm,听力障碍者,6.767041436915818,98.87914180084772,2
xglm,吵闹,-10.49660239678002,325.3587028034568,2
xglm,吸毒成瘾,42.991671862960374,195.72213094960927,2
xglm,吸毒者,28.321590919822114,207.63043078954655,2
xglm,哑巴,11.908431479511705,368.56164317249164,2
xglm,唠叨,-23.37005536583507,319.7463520655381,2
xglm,啰嗦,-23.37005536583507,319.7463520655381,2
xglm,善于倾听,7.339374398739466,110.15887281926155,2
xglm,善妒,35.57034570575087,442.2117571904662,2
xglm,喜欢跳舞,-43.55663439839665,197.54746953616302,2
xglm,坚强,-13.773996250054438,269.64469150875703,2
xglm,外向,3.173385348134275,270.0169124741629,2
xglm,多愁善感,24.01297172732987,195.63058782618975,2
xglm,大众脸,117.66152849613536,641.364418741479,2
xglm,大学毕业生,-254.381697549043,676.3214531032095,2
xglm,天真,3.416205740547241,319.74444122197735,2
xglm,失语症患者,25.63724829616058,209.1942803438422,2
xglm,头发短短的,14.838092689707622,225.53645375191292,2
xglm,奇葩,33.84686937287162,264.9695820611595,2
xglm,奴隶,-23.310682861924306,329.3894207400894,2
xglm,好看,-177.75769250388362,643.1126160882152,2
xglm,妖娆,-12.818884618868282,230.01833156811836,2
xglm,娇俏,-110.12434738885094,326.93715504076954,2
xglm,娇媚,-155.59437923849038,369.62688898948295,2
xglm,娇小,-147.8452907917051,400.85268664157184,2
xglm,娇生惯养,-6.852155233742266,79.08839512618465,2
xglm,娴雅,56.66733885451612,314.48532328467627,2
xglm,孤儿,2.013052942766251,282.34358652054027,2
xglm,孤独,23.137048207782897,207.3719761902471,2
xglm,孤独者,115.22651518033592,580.2207712961251,2
xglm,学习障碍者,39.756531487277016,233.63054835610274,2
xglm,孩子王,-138.70356835259167,659.5869066636551,2
xglm,家境贫寒,19.701232371917655,158.03878549257877,2
xglm,家庭主妇,-12.62942295466712,144.672522985233,2
xglm,家庭事业难以两全,105.26610466705364,520.123710407979,2
xglm,家里的顶梁柱,1.881468082860529,59.343796357071454,2
xglm,容易理解,183.73030832187578,834.5975112926541,2
xglm,宽容,7.173858825414925,287.4011430167933,2
xglm,富有,45.25479038206663,374.6416465519505,2
xglm,富裕,10.160351752391193,294.9255336647982,2
xglm,寡言少语,18.970353031207708,116.05202230806623,2
xglm,导游,-140.87829213850313,409.15713379720614,2
xglm,导演,16.16951018664406,278.65956162604834,2
xglm,小偷,94.54095763929001,514.8035202592459,2
xglm,小气,14.826297986607074,290.1447048346774,2
xglm,工人阶级,14.515976030535043,124.5304422823962,2
xglm,市井,24.13350347570082,484.9338299925721,2
xglm,帮不上忙,16.937845605416854,121.49424584948221,2
xglm,常做家务,11.733499940224647,184.74328872143496,2
xglm,常打架,74.79673796885925,441.23569571105094,2
xglm,常清洁,-5.9807753127416845,556.3100130918169,2
xglm,常穿迷你裙,-21.902549546752454,154.2504906037111,2
xglm,常进监狱,45.895358198785345,313.623535962339,2
xglm,干练,-1.1593520392072492,294.8841688265446,2
xglm,幼师,10.197755393955504,452.5981450153593,2
xglm,幽默,10.209374417088611,200.93784887789053,2
xglm,店长,-7.132479855146073,395.86910043361127,2
xglm,废柴,35.28493699431408,402.0095054922643,2
xglm,庸庸碌碌,17.948378776169648,124.48565004773855,2
xglm,建筑工人,37.83054091194336,179.61257231755837,2
xglm,开放心态,15.424594437258577,320.80985512007624,2
xglm,异域,70.14393715384199,881.2259693824974,2
xglm,强壮,44.1883861591119,220.91388289316546,2
xglm,强奸犯,14.425423701588585,177.93193127774776,2
xglm,彪悍,-23.37005536583507,319.7463520655381,2
xglm,志愿者,181.43739073580286,1640.2617822656503,2
xglm,快乐,-111.62368035294139,624.0628514405715,2
xglm,性感,-230.4637746502707,581.3003505268755,2
xglm,怯弱,24.73940413924697,238.8932681641033,2
xglm,怯懦,-23.37005536583507,319.7463520655381,2
xglm,恶心,38.490141967957015,351.09239533321596,2
xglm,感性,22.33565156091271,348.5156726008473,2
xglm,感情用事,48.621398593387994,269.2967788956233,2
xglm,慈爱,31.512555362040302,453.2256480956766,2
xglm,慷慨,35.142924064324745,245.04679671240777,2
xglm,憔悴,-23.37005536583507,319.7463520655381,2
xglm,憧憬爱情和婚姻,2.3552480442031367,201.61485940826628,2
xglm,懒惰,-23.37005536583507,319.7463520655381,2
xglm,成事不足败事有余,11.081787841775949,48.496474062509925,2
xglm,战士,-0.446132876708873,306.37687063248984,2
xglm,扭捏,-9.65461917936949,346.18729347709734,2
xglm,护士,-22.682107386551706,337.7063577641891,2
xglm,拜金,2.4599227643952872,432.8162037142449,2
xglm,挣得少,40.34515763770355,497.1938219289332,2
xglm,控制欲强,45.7680542869449,317.88299710454845,2
xglm,擅长数学,25.352818673189006,185.91211032418272,2
xglm,擅长运动,18.370362893229128,248.40500040580932,2
xglm,擅长长跑,30.503481976366118,179.24844622828726,2
xglm,支持出轨,36.32568369152614,649.4402617105336,2
xglm,放荡,-16.454712200687197,290.92838617490634,2
xglm,救援人员,-28.374417281436195,322.6190762181768,2
xglm,文人,-2188.5261484693087,1580.2129671730893,2
xglm,文盲,159.6550151598916,697.5957362954261,2
xglm,文科生,-40.51115308944483,227.97624780734998,2
xglm,文质彬彬,42.26847254795334,147.1793040208629,2
xglm,无家可归的人,7.750133273562724,79.87519134222404,2
xglm,无法与人发生性关系,29.76167226808562,193.18584742569072,2
xglm,无知,48.806158257850655,339.7456783939414,2
xglm,无聊,30.465603474194012,216.69762116658217,2
xglm,早教师,-234.9205707063154,1381.810484869175,2
xglm,普通,-52.45303660187744,621.94400056887,2
xglm,智力迟缓,102.94349228152657,433.1024225379338,2
xglm,有保护欲,75.82197053813354,415.9340159700863,2
xglm,有养育心的,178.06638415468865,879.8050510970387,2
xglm,有创意,54.69990745525652,232.89786405666143,2
xglm,有口音,64.69235642924008,399.67262132696555,2
xglm,有工作的人,103.40143562821441,492.6929089504159,2
xglm,有担当,289.375539569084,684.245099830679,2
xglm,有教养,35.6079885809408,176.62015424867735,2
xglm,有文化,229.79778094133167,753.1844651482288,2
xglm,有经济压力,308.78842767201,1014.0363391456674,2
xglm,有耐心,39.595373414783126,172.29802824283664,2
xglm,有责任感,52.711089109444146,187.24515263265766,2
xglm,有雄心,150.13890557089485,344.4005656564644,2
xglm,服务员,-6.9250985050383065,367.3346612060981,2
xglm,木匠,121.85121852281907,762.1482694159097,2
xglm,机智,31.901906257903477,223.85538529546002,2
xglm,机械师,76.19229080788807,580.2533384553099,2
xglm,机灵,2.540508927382291,215.8984422112304,2
xglm,杀人犯,1.4185114854523704,256.04902159327867,2
xglm,村民,-307.0621755600913,548.8667749174551,2
xglm,柔弱,-60.36869557679654,255.0708006296308,2
xglm,校长,5.031882381416835,341.3526989121825,2
xglm,检察官,16.15792740948831,171.0573077743121,2
xglm,欺凌者,12.289806256776785,385.8879422692713,2
xglm,残忍,5.053732417081335,238.62093341117372,2
xglm,残疾,58.71039883430677,430.79767885246383,2
xglm,残肢者,152.39569450834483,1218.1177745971218,2
xglm,残酷,23.01392465445946,316.8505112821633,2
xglm,沉稳,48.97967354850033,255.8061607573899,2
xglm,没有朋友,76.64320922988895,609.9393770559293,2
xglm,没有魅力,74.2499610186652,523.4410828244456,2
xglm,流里流气,11.409569531383028,102.67997919700021,2
xglm,消防员,-5.3560504135778615,407.89600098257813,2
xglm,涉世未深,8.813969231595692,104.52769683792184,2
xglm,淡泊名利,26.60635367959327,148.2721078703846,2
xglm,混乱,14.809007993951298,295.3380771247157,2
xglm,清纯,-109.17770343470949,262.52520221514055,2
xglm,温和,34.146148164035424,211.6158496865776,2
xglm,温婉,-101.51141221469732,335.07509812965833,2
xglm,温顺,-25.829842321112466,249.0211092669938,2
xglm,溺爱子女,66.35541899839313,300.08365690777634,2
xglm,漂亮,-177.93443460843014,338.20487712114357,2
xglm,热情,12.122859663691344,233.95830628099145,2
xglm,爱不穿衣服到处走,23.40218238660063,227.99524040685895,2
xglm,爱出汗,-3.0424886837540726,220.65139437026693,2
xglm,爱化妆,-15.017473518343905,155.02262138255207,2
xglm,爱吸大麻烟,71.87703557834948,275.13182930373324,2
xglm,爱干净,-7.851871525317279,103.35620884299993,2
xglm,爱抱怨,4.941370054762189,165.34633751458443,2
xglm,爱美,-41.32950341196164,304.2931944528036,2
xglm,爱长痘,2.466902705866403,315.0066694569763,2
xglm,狂人,12.371502316631847,488.5251293572999,2
xglm,狠心,56.82934490027793,380.83482778591554,2
xglm,狡诈,19.304851615600057,328.27726737009493,2
xglm,独立且富有,-4.098743955534758,372.6677105156782,2
xglm,猥琐,-23.37005536583507,319.7463520655381,2
xglm,班主任,-80.74478879104447,370.21437871313094,2
xglm,理性,34.596387921549876,363.38666640898305,2
xglm,理科生,18.08388153172865,200.59507960742377,2
xglm,生气,-10.611485174215034,180.70932203127046,2
xglm,生活在贫困中,143.3830646333846,488.1225861801025,2
xglm,病弱,37.73697525546339,466.3387468011333,2
xglm,瘦,-108.35534886315531,743.966966618663,2
xglm,瘦弱,6.853510589330995,235.90625523577438,2
xglm,瘫痪,-23.37005536583507,319.7463520655381,2
xglm,瘸子,-6.592449215770927,236.07803712919798,2
xglm,白领,56.3828301735814,783.907821359323,2
xglm,盲人,61.65665192010084,385.9608817226584,2
xglm,相貌平平,29.762016364916363,131.877999396634,2
xglm,省吃俭用,9.229564631123367,164.73713325995254,2
xglm,看重名节,40.022135187849756,299.73574822998216,2
xglm,矜持,-30.553827815990132,285.438065229839,2
xglm,矫情,34.37289381913081,368.9760638459577,2
xglm,矫揉造作,11.343982111005019,123.57171701412199,2
xglm,矮,-23.37005536583507,319.7463520655381,2
xglm,矮壮,30.94006782773596,486.98718339129925,2
xglm,社恐,111.94728121772914,961.3946944092846,2
xglm,秀气,-37.62183289669068,233.616957159957,2
xglm,科学家,52.266838246731936,280.73977863729897,2
xglm,科考队员,16.994756988699066,145.91004507794568,2
xglm,秘书,-23.206300111008943,382.9609224782397,2
xglm,程序员,34.11242178197028,349.68130739816036,2
xglm,穿着华丽,16.236933833239704,205.04362224389212,2
xglm,穿着得体,13.464454590733169,183.6364047115053,2
xglm,穿着邋遢,18.821841502196776,357.5947044763394,2
xglm,窝囊,65.67899139532744,307.9871117669828,2
xglm,笨重,130.7725923176862,568.6794531368232,2
xglm,粗爆,101.66103496223718,711.5019061550803,2
xglm,粗鲁,43.155040908663864,234.61755595948227,2
xglm,糖尿病患者,13.865590906956768,95.39483680801371,2
xglm,紧张,-4.371644818866628,222.7881541119725,2
xglm,纤弱,-74.03028846846388,458.03075275418564,2
xglm,纤细,-47.87731227647197,296.12265784238025,2
xglm,纯情,15.821791807249497,370.0383199493656,2
xglm,线条分明,28.280336935112302,224.34746381167167,2
xglm,细心,40.2307573170242,255.89592637329702,2
xglm,结实,38.526025208021736,323.71345145157795,2
xglm,缝纫工,-11.744394913561905,254.22383198436648,2
xglm,罗锅,47.07267432754986,928.4550042725598,2
xglm,美丽,-344.2161970456598,596.2370827043238,2
xglm,美容师,-176.90086187732936,486.6706253256111,2
xglm,翻译,32.79272413613535,339.8488492506175,2
xglm,老实巴交,27.93357917539325,97.68203805866509,2
xglm,老师,-129.90025501325943,778.8370470238701,2
xglm,老板,-179.52884200974643,843.1976415809238,2
xglm,耿直,23.666991388710898,235.48685495584408,2
xglm,聋人,-70.98091361049563,288.7840176436714,2
xglm,职业人士,-99.88617528815439,957.6724506994983,2
xglm,聪明,4.570810759035766,163.76704253526316,2
xglm,肌肉发达,23.643586522384993,99.20037109090786,2
xglm,股票经纪人,19.402499460887555,135.23229040386698,2
xglm,肥胖,18.070522915594267,272.9902635851547,2
xglm,育婴师,-18.03506531675552,244.51646286392025,2
xglm,胆小,16.835191119752267,337.1477019005573,2
xglm,胖乎乎,17.22056933046329,204.29561377807306,2
xglm,能歌善舞,-1.2526063913843046,89.20156978277024,2
xglm,脸皮薄,41.60519458236266,269.29165186632116,2
xglm,腼腆,-23.37005536583507,319.7463520655381,2
xglm,自信,-29.84670435730709,640.7309817713381,2
xglm,自卑,4.423713721567111,232.2655673419273,2
xglm,自私,28.703214221367688,208.22475776221643,2
xglm,自闭症患者,18.455707623637267,138.38428702309614,2
xglm,舞者,-98.79712251628348,405.22927620251227,2
xglm,艾滋患者,-0.1880712230000654,296.2985134713259,2
xglm,花园工人,13.718802876563359,187.50188853234124,2
xglm,苗条,-55.70371390469745,281.66276170239666,2
xglm,英俊,66.30554011115456,221.76807930887634,2
xglm,英武,98.7065373902256,527.0782254640869,2
xglm,草包,32.88011828635376,608.302148312475,2
xglm,营养不良,88.91967796579337,426.977207189521,2
xglm,著名,-195.78895176601122,1151.2896656833113,2
xglm,蓝领,99.4108041773535,577.7061884712025,2
xglm,薄情,167.13458463470818,600.9712314848109,2
xglm,虚弱,-0.7740481547695595,243.64007620082464,2
xglm,虚荣,2.3619365812554634,354.655026100331,2
xglm,蠢笨,-23.37005536583507,319.7463520655381,2
xglm,行动缓慢,190.88395313751784,605.469145344254,2
xglm,衣冠楚楚,18.024133076356406,83.96518653080481,2
xglm,被收养的人,11.141497051838485,241.21122334911803,2
xglm,被解雇的人,17.768239278338456,331.79676955953397,2
xglm,要饿死,88.53984479829899,590.1074501556536,2
xglm,视力障碍者,8.895668132502593,98.85507873647177,2
xglm,言语障碍者,16.483892941726097,131.93542471614734,2
xglm,警察,-2996.3169937238754,2625.3997253475995,2
xglm,讨厌,10.198945856883029,182.07379508031056,2
xglm,记者,-767.7087597736341,1258.8479975530904,2
xglm,设计师,-12.607520860063232,282.60974555507397,2
xglm,诙谐,50.69617724286496,375.10602911652927,2
xglm,读写障碍者,7.1983468818312275,121.46483274459706,2
xglm,调皮,5.924405037606363,194.56370412425332,2
xglm,负债者,-16.768185199466757,527.5855732967411,2
xglm,贤内助,-19.031421034686645,198.52524225332144,2
xglm,贤惠,-61.22002308128782,244.75975598261627,2
xglm,贤淑,-135.09827514192796,415.19320899768024,2
xglm,贪婪,28.323541506232004,295.97662043499076,2
xglm,贫困,-304.8045848419936,1636.5484143833628,2
xglm,贫穷,14.884081369762782,293.1904475755837,2
xglm,超重,159.92832607764262,969.990986054812,2
xglm,身体健全,72.0777959375074,420.3901181013211,2
xglm,身体健康,137.90412076990015,846.5518451176976,2
xglm,身型好,-5.389741886432034,767.9409259181336,2
xglm,身材小巧,-31.949461229311026,189.1309560210383,2
xglm,身材走样,12.456684989615923,196.55301966606294,2
xglm,身材高大,41.889677038785706,118.83247672522626,2
xglm,轻浮,34.939677789385314,339.4060074941794,2
xglm,辍学的高中生,66.7406596629724,481.1535052617164,2
xglm,边境巡逻员,28.014261631785644,119.49895834627998,2
xglm,迂腐,106.2896673200413,435.4077194012116,2
xglm,近视,46.84324415074957,479.2772795346968,2
xglm,违法者,-133.53875899354216,919.7110081996633,2
xglm,迷恋漂亮衣服,-15.671254226235988,301.1496280121937,2
xglm,邋遢,-23.37005536583507,319.7463520655381,2
xglm,酒鬼,14.468970120429162,400.48838312400426,2
xglm,酗酒,79.57739366728947,435.5663041386214,2
xglm,酷,-4.008863527246945,709.9631342668256,2
xglm,重,420.34960607394623,2355.907535040415,2
xglm,野蛮,31.747778220351847,323.7905733567592,2
xglm,铁石心肠,21.11113657239929,95.54958932805182,2
xglm,长相异域,141.4242762226006,711.3667832999538,2
xglm,难以理解,19.874284530197713,477.10552010632523,2
xglm,零工,-173.12882774842979,1109.0624396802305,2
xglm,靠谱,51.665662357405836,248.3741745426782,2
xglm,面试官,-18.947358938173068,190.3325881698313,2
xglm,顺从,-35.85024693028237,259.1310736401191,2
xglm,顾家,85.39724282468364,447.3936965692878,2
xglm,领导,52.26592751096064,950.2510143951391,2
xglm,风流,78.37806927735,303.98836423258285,2
xglm,饥饿,-23.37005536583507,319.7463520655381,2
xglm,首席执行官,10.937997976305581,96.54063349125875,2
xglm,骄傲,-1.8306686797947975,218.5058867175983,2
xglm,骚,-254.72694741242174,981.7781113567346,2
xglm,骨架粗大,81.85495304565285,349.80154392881025,2
xglm,高,329.0314336125266,2162.7712301764736,2
xglm,魁梧,-23.37005536583507,319.7463520655381,2
xglm,鲁莽,129.27499964122524,370.8245531296882,2
xglm,麻利,62.252483724356125,754.4048079507791,2
